cust,st,g,a,salesrev
Aaron Cobb,TX,M,67,22
Aaron Mercer,PA,M,29,91
Abby Gillespie,NJ,F,25,289
Abby Klein,GA,F,41,1080
Abdul Brewer,AL,M,53,675
Abdul Carter,NC,M,39,20
Abdul Morgan,TX,M,63,240
Abe Farmer,GA,M,43,271
Abel Jacobs,LA,M,62,211
Abigail Carrillo,AZ,F,37,682
Abraham Bullock,FL,M,42,534
Abraham Gentry,CA,M,36,78
Abraham Rodriguez,AZ,M,60,224
Abram Ferrell,RI,M,65,389
Ada Carroll,MA,F,35,101
Ada Carson,CO,F,31,1159
Ada Hendricks,OR,F,29,292
Ada Hendrix,GA,F,31,230
Ada Huber,FL,F,98,75
Ada Ware,TN,F,70,669
Adam Freeman,GA,M,50,320
Adam Mathis,NY,M,73,65
Addie Buckley,VA,F,48,28
Addie Hensley,OR,F,56,40
Adela Cross,PA,F,61,234
Adela Dodson,PA,F,30,719
Adela Morrow,TX,F,44,111
Adele Baird,CO,F,36,937
Adele Britt,TX,F,53,729
Adele Huff,FL,F,76,575
Adele Jefferson,WA,F,75,275
Adrian Cantrell,WA,M,70,210
Adrian Curtis,NY,M,61,13
Adrian George,OH,F,66,20
Adrian Justice,GA,F,37,20
Adrian Pate,TX,M,41,52
Adrian Valenzuela,PA,M,21,40
Adrian Velez,PA,F,50,500
Adrian Wilcox,VA,F,64,191
Adrian Wong,GA,F,42,675
Adriana Mayer,CA,F,61,400
Adriana Oneal,MA,F,32,15
Adrienne Lawrence,CO,F,24,160
Agnes Cox,NJ,F,24,429
Agnes Fowler,NM,F,45,21
Agnes Kirk,FL,F,79,367
Agnes Rhodes,FL,F,22,490
Ahmed Miranda,VA,M,33,259
Ahmed Nieves,SC,M,23,409
Ahmed Vega,MA,M,63,264
Aida Peck,AZ,F,43,160
Aida Riddle,CO,F,32,323
Aileen Holland,CA,F,49,280
Aileen Soto,GA,F,51,120
Aimee Bates,TX,F,58,328
Aimee Hewitt,CA,F,61,630
Aimee Moody,NY,F,76,140
Al Holcomb,VA,M,26,203
Alan Coleman,NY,M,38,140
Alana Walsh,AZ,F,72,704
Albert Rocha,FL,M,58,160
Alberta Atkins,CA,F,72,80
Alberta Boyer,WA,F,52,374
Alberta Odonnell,GA,F,42,1630
Alberta Pierce,NY,F,67,80
Alberto Finch,NY,M,64,179
Alberto Paul,FL,M,75,322
Alden Decker,NC,M,69,279
Alden Palmer,PA,M,66,343
Alec Haley,FL,M,73,238
Alec Mayer,NC,M,34,184
Alec Nelson,TN,M,30,10
Alejandra Morrow,FL,F,81,145
Alejandro Davenport,OH,M,48,175
Alejandro Roberts,FL,M,90,171
Alexander Rhodes,LA,M,74,189
Alexandra Hughes,FL,F,88,60
Alexis Blackwell,VA,F,47,100
Alexis Carroll,CA,F,39,239
Alexis Hess,CA,F,58,100
Alexis Kennedy,PA,F,52,295
Alexis Walsh,FL,F,33,146
Alfred Vinson,WA,M,33,120
Alfreda Cohen,FL,F,77,59
Alfreda Crawford,NY,F,44,287
Alfreda Fuentes,TX,F,58,153
Alfreda Mendoza,FL,F,21,270
Alfreda Whitfield,PA,F,24,683
Alice Gates,FL,F,52,40
Alice McLeod,TN,F,43,160
Aline Adams,AZ,F,58,20
Aline Wong,GA,F,53,540
Alisa Dejesus,CO,F,53,200
Alisa Holt,TX,F,61,199
Alisa Morse,NC,F,35,120
Alisha Daniel,TX,F,41,60
Alisha Hardin,NM,F,47,289
Alisha Santana,UT,F,59,134
Alison Baker,CO,F,34,133
Alison Farrell,CT,F,24,379
Alison Finch,CO,F,63,124
Alison Jordan,GA,F,57,466
Alison Rhodes,TX,F,45,174
Alissa Coleman,OR,F,67,420
Alissa Mathis,TN,F,59,90
Alissa Suarez,CA,F,63,56
Allie Reed,NY,F,58,132
Allison Beck,TX,F,72,320
Allyson Perez,GA,F,74,419
Allyson Walton,FL,F,70,40
Alma Brown,RI,F,61,168
Alma Meyers,NC,F,26,490
Alonso Carson,NY,M,73,80
Alonzo Beard,CO,M,28,79
Alonzo Hoffman,TX,M,77,1519
Alonzo Ruiz,TX,M,73,140
Alphonse Macdonald,AZ,M,34,180
Alphonse McDowell,RI,M,51,246
Alphonse Welch,CA,M,32,80
Alphonso England,WA,M,25,110
Alphonso Hinton,TN,M,62,39
Alphonso Morrow,NC,M,24,449
Alphonso Shannon,FL,M,94,709
Alta Bender,FL,F,64,91
Alta Bruce,GA,F,57,704
Alta Coffey,TN,F,59,86
Alta Holland,VA,F,27,500
Althea Sanders,VA,F,74,200
Althea Saunders,PA,F,37,592
Alvin Dawson,NJ,M,71,332
Alvin Dillard,NC,M,52,599
Alvin York,SC,M,70,280
Alyce Gay,AZ,F,85,190
Alyce Ward,LA,F,29,150
Alyson Garza,NY,F,59,229
Alyson Roth,FL,F,58,509
Alyson Serrano,NY,F,31,219
Alyson Simmons,TN,F,54,334
Alyssa Berg,OH,F,38,389
Amado Cabrera,VA,M,25,225
Amado Dillon,FL,M,83,202
Amado Lowe,TX,M,35,559
Amalia Drake,PA,F,64,931
Amalia Hodge,MA,F,55,104
Amalia Irwin,SC,F,25,1127
Amalia Kaufman,FL,F,96,639
Amalia Tran,VA,F,64,316
Amber Mack,CT,F,57,78
Amelia Peters,LA,F,25,160
Amelia Rose,CT,F,74,404
Amelia Wheeler,AL,F,72,40
Amie Donovan,AL,F,28,224
Amos Cherry,MA,M,26,20
Amos Fulton,FL,M,72,120
Amos Mason,FL,M,80,90
Amos Middleton,FL,M,80,285
Amparo Bryant,CA,F,62,199
Amparo Carroll,NJ,F,55,68
Amparo Klein,NM,F,47,171
Amparo Raymond,VA,F,56,294
Amparo West,AZ,F,43,140
Amy Wood,OH,F,75,819
Ana Bird,NC,F,45,731
Anastasia Alford,NY,F,55,629
Anastasia Coleman,NY,F,56,249
Anastasia Cummings,TX,F,50,194
Anastasia Hinton,CA,F,46,300
Anastasia Horn,AL,F,70,26
Anastasia Hurst,NY,F,71,1013
Andre Alford,CT,M,37,540
Andrea Glover,PA,F,63,35
Andrea Head,AZ,F,77,75
Andrea Hines,CT,F,33,192
Andrew Harmon,TX,M,81,180
Andrew Slater,MA,M,54,240
Andrew Sullivan,NC,M,35,15
Andy Ramsey,FL,M,72,540
Angel Gill,LA,F,73,104
Angel Vega,VA,F,58,789
Angela Dale,TX,F,58,240
Angela Flowers,FL,F,88,955
Angelia Cannon,NY,F,72,125
Angelia Erickson,FL,F,92,326
Angelina Hughes,FL,F,71,339
Angeline Bruce,TN,F,45,270
Angeline Meyers,PA,F,38,140
Angelique Bullock,CA,F,56,269
Angelique Figueroa,TX,F,44,256
Angelique Holcomb,FL,F,37,140
Angelique Joseph,CA,F,39,52
Angelique Miranda,WA,F,34,91
Angelique Robinson,TX,F,66,290
Angelita Blair,MA,F,33,95
Angelo Garza,SC,M,60,70
Angelo Joyner,CT,M,28,140
Angelo Keller,FL,M,25,180
Angelo Rogers,FL,M,95,464
Angelo Sherman,FL,M,93,329
Angelo Yang,AZ,M,70,80
Angie Golden,TX,F,60,307
Anita Trevino,FL,F,48,154
Ann Gilliam,OR,F,60,25
Ann Hammond,CT,F,24,199
Ann Holden,GA,F,71,258
Ann Kemp,CA,F,71,168
Anna Burton,NJ,F,67,186
Anna Chase,CA,F,39,334
Anna Collins,CA,F,44,271
Anna Tucker,CT,F,56,274
Annabelle Maynard,TX,F,44,999
Annette Alexander,NY,F,30,329
Annette Guerrero,TX,F,81,509
Annette Riley,FL,F,68,1184
Annie Guthrie,FL,F,95,296
Annie Robertson,FL,F,61,969
Annie Russell,NY,F,28,414
Anthony Bennett,AZ,M,38,419
Anthony Briggs,PA,M,32,515
Antione Marks,FL,M,77,203
Antoine Cannon,GA,M,22,197
Antoine Waller,FL,M,60,105
Antoinette Montoya,TX,F,61,460
Anton Cherry,FL,M,92,112
Antone Trevino,TN,M,27,106
Antonia Rios,FL,F,82,308
Antonia Tillman,TX,M,66,120
Antonio Lopez,TX,M,81,300
Antonio Maynard,TX,M,42,10
Antonio Ramos,FL,M,63,269
Antony Sharp,GA,M,62,15
April Ashley,FL,F,64,10
April Delacruz,TX,F,74,100
April Lane,GA,F,47,312
Araceli Atkins,VA,F,28,160
Araceli Gamble,NH,F,48,323
Araceli McBride,FL,F,84,104
Araceli Taylor,FL,F,59,317
Archie Dotson,AZ,M,61,91
Archie Kramer,CO,M,31,330
Archie Ryan,TX,M,43,355
Arden McFadden,NY,M,28,25
Ariel Benton,CO,M,64,160
Ariel Walton,TX,M,40,598
Arlen Contreras,FL,M,29,40
Arlen Ferguson,TN,M,35,399
Arlen Frank,GA,M,47,299
Arlene Dodson,TX,F,81,132
Arlie Austin,GA,M,65,450
Arline Goodman,AL,F,63,193
Armand Huff,FL,M,49,272
Armand Oneal,CT,M,31,315
Armand Shepherd,CA,M,70,96
Arnold Wright,CO,M,51,7
Arnoldo Beach,GA,M,42,60
Arnoldo Rosales,NY,M,69,39
Arnoldo Santos,FL,M,82,60
Arnulfo Blake,NC,M,67,300
Arnulfo Clarke,MA,M,64,256
Arnulfo Silva,GA,M,28,319
Arnulfo Trujillo,VA,M,47,105
Aron Hicks,OR,M,66,217
Aron Lara,NC,M,47,299
Arron McGee,NY,M,38,799
Art Britt,CO,M,41,324
Arthur Crosby,RI,M,45,90
Arthur Giles,CT,M,59,62
Asa Frost,CA,M,73,120
Ashlee Clemons,FL,F,54,186
Ashlee McClain,NC,F,26,289
Ashlee Simmons,UT,F,42,90
Ashlee Stanton,AZ,F,66,259
Ashlee Trujillo,FL,F,48,939
Ashlee Wiley,UT,F,33,185
Ashley Dominguez,NM,F,38,344
Ashley Green,NH,F,46,217
Ashley Mullins,CA,F,40,433
Ashley Pollard,AZ,M,53,156
Aubrey Jordan,CO,M,60,270
Aubrey Ratliff,MA,M,63,300
Audra Graham,CA,F,36,800
Audrey Carver,GA,F,37,270
August Atkins,VA,M,26,354
Augusta Coffey,NY,F,57,189
Augustus Faulkner,AL,M,30,240
Augustus Stanley,NY,M,47,155
Aurelia Blanchard,FL,F,69,214
Aurelia Flores,MA,F,45,156
Aurelia Hayes,FL,F,71,229
Aurelia Shepherd,GA,F,31,411
Aurelio Hamilton,NY,M,23,316
Aurelio Payne,NY,M,46,186
Aurora Bryan,TX,F,72,52
Austin Price,MA,M,33,375
Austin Weiss,GA,M,51,644
Autumn Gilmore,NC,F,67,519
Autumn McCray,FL,F,52,104
Ava Frye,CO,F,48,350
Avery Blake,CT,M,32,140
Avery Carey,CA,M,49,488
Avery Meadows,CA,M,66,349
Avery Pratt,PA,M,21,270
Barbra Carter,AZ,F,85,270
Barbra Mooney,VA,F,37,117
Barney Adkins,LA,M,25,491
Barney Blair,NC,M,59,376
Barney Hinton,NM,M,35,367
Barney Stokes,AL,M,70,49
Barrett Kinney,FL,M,94,20
Barrett Nolan,CA,M,55,265
Barrett Weeks,TN,M,37,399
Barrett Wolfe,TN,M,30,1400
Barry Medina,TX,M,49,240
Barry Smith,PA,M,31,264
Bart Sanchez,CA,M,48,699
Basil Adams,TX,M,68,204
Basil Hodges,CA,M,30,264
Beatrice Campos,GA,F,47,26
Beatrice Clay,TX,F,39,240
Beatrice Ortiz,TN,F,55,303
Beatriz Rodgers,CA,F,72,633
Beau Maxwell,NC,M,56,120
Belinda Berg,CA,F,36,78
Belinda Watkins,FL,F,77,439
Ben Reyes,CT,M,65,168
Benedict Stevens,FL,M,56,120
Benita Combs,NY,F,75,299
Benita Gonzales,TX,F,83,30
Benita Thornton,CT,F,46,1013
Benito Rodriquez,FL,M,52,15
Benjamin Kennedy,NC,M,31,245
Benjamin Riggs,NJ,M,39,599
Bennett Mercer,CA,M,74,180
Bennett Wilder,CA,M,62,210
Benton Barker,MA,M,34,160
Benton Langley,NY,M,65,60
Benton Pierce,FL,M,94,225
Bernadette Hinton,CT,F,39,311
Bernadette Parrish,TX,F,62,42
Bernadette Thornton,GA,F,60,555
Bernadine Cruz,CO,F,40,234
Bernard Brewer,GA,M,29,30
Bernard Knowles,GA,M,31,22
Bernardo Beard,FL,M,45,649
Bernardo Stanton,CA,M,70,280
Bernardo Vance,UT,M,29,394
Bernice Irwin,FL,F,88,82
Bernie Cardenas,NC,M,51,25
Bernie Fischer,AL,M,69,305
Bernie Kirkland,CA,M,52,540
Bert Swanson,TX,M,62,383
Berta Cook,VA,F,56,309
Bertha McLeod,NJ,F,63,265
Bertha Wong,VA,F,33,60
Bertram Fernandez,AZ,M,35,310
Bertram Kennedy,SC,M,54,218
Bessie Floyd,NY,F,59,499
Bessie Mclean,GA,F,30,103
Beth Fernandez,TX,F,37,899
Beth Jackson,NY,F,77,558
Beth Tyson,NC,F,74,284
Bethany Hoover,PA,F,63,527
Betsy Maxwell,PA,F,55,204
Betsy Oneal,TX,F,81,39
Betsy Rutledge,CO,F,25,231
Bette Cunningham,SC,F,71,335
Bette Glass,CO,F,73,548
Bettie Berger,PA,F,28,198
Bettie Mann,PA,F,42,105
Bettie Pate,FL,F,86,44
Bettie Wolfe,MA,F,69,200
Betty Huff,GA,F,39,569
Betty Summers,OH,F,59,496
Betty Walsh,LA,F,65,60
Betty Walter,GA,F,45,552
Bettye Henson,FL,F,45,219
Bettye Hodges,NJ,F,27,206
Bettye Ingram,FL,F,75,100
Bettye Ramirez,TN,F,25,80
Beulah Kent,TX,F,39,99
Beulah Mayo,VA,F,30,479
Beverley Calhoun,GA,F,65,20
Beverley Kemp,CA,F,60,180
Beverley Waters,GA,F,26,252
Beverly Lawrence,CA,F,41,211
Beverly Ratliff,TN,F,38,349
Bill Green,MA,M,69,100
Billie Hurst,CO,M,38,52
Billie Morales,AL,M,31,40
Billie Pittman,LA,M,34,65
Billie Summers,AL,F,47,120
Billy Poole,TX,M,72,39
Blaine Harrell,CT,M,68,177
Blaine Porter,CA,M,52,82
Blaine Ward,FL,M,35,486
Blair Camacho,OH,M,48,131
Blake McClure,NY,M,54,120
Blanca Bryan,GA,F,57,120
Blanca Vasquez,AZ,F,45,578
Bo Stanley,FL,M,82,1000
Bob Clements,CT,M,72,140
Bob Crosby,TX,M,38,420
Bob Farmer,TX,M,81,479
Bob Glass,TX,M,74,614
Bob Gould,TX,M,62,339
Bob Griffith,NJ,M,50,80
Bob Hunter,TX,M,67,86
Bob Hurst,OR,M,29,78
Bob Jarvis,NY,M,21,234
Bob Merritt,FL,M,94,240
Bob Pollard,NJ,M,57,420
Bob Ruiz,MA,M,38,330
Bob Salazar,CO,M,73,39
Bob Underwood,VA,M,50,1443
Bob Wong,FL,M,77,80
Bobbi Burke,PA,F,51,309
Bobbi Ellison,CA,F,56,1020
Bobbi Hayden,NY,F,30,205
Bobbi Mack,NJ,F,24,60
Bobbi Neal,TN,F,25,439
Bobbie Golden,TX,F,61,160
Bobbie Hays,PA,F,55,75
Bobbie Ratliff,OH,M,55,1009
Bobbie Ross,NJ,F,34,396
Bobby Forbes,NC,M,50,125
Bobby Greer,CA,M,41,180
Bobby Harrington,FL,M,73,206
Bobby Hatfield,CO,M,28,290
Bonnie Puckett,NC,F,46,245
Booker Torres,VA,M,30,75
Boyce Hudson,FL,M,57,943
Boyd Gibson,CT,M,43,58
Boyd Hayes,NC,M,40,250
Boyd King,WA,M,50,330
Boyd Wyatt,NY,M,70,50
Brad Hale,CA,M,49,190
Bradford Barber,TX,M,47,269
Bradford Cooke,MA,M,46,102
Bradford McIntyre,TX,M,37,240
Bradley Gonzales,SC,M,69,479
Bradley Madden,GA,M,43,180
Bradley Velez,NY,M,62,117
Bradley Vincent,VA,M,28,1016
Bradly Martinez,TN,M,39,224
Brady Bishop,CA,M,43,200
Brady McDaniel,FL,M,69,175
Brain Compton,AZ,M,40,1000
Brain Pugh,NC,M,41,305
Brain Rocha,GA,M,41,210
Branden Mendoza,NY,M,37,536
Branden Palmer,NC,M,55,50
Branden Washington,CT,M,22,120
Brandon Albert,CA,M,60,135
Brandon Melton,FL,M,51,424
Brandy Booker,NY,F,65,117
Brandy Bray,CA,F,40,532
Brandy Pollard,CT,F,33,26
Brant Grimes,GA,M,73,164
Brenda Ewing,NH,F,63,838
Brenda Hooper,FL,F,95,135
Brendan Ballard,TX,M,40,889
Brendan Peck,GA,M,74,355
Brendan Sosa,NC,M,69,411
Brendon Browning,TX,M,45,168
Brendon Estrada,GA,M,22,249
Brendon Mendoza,PA,M,40,311
Brent Garza,CA,M,38,180
Brent Hays,LA,M,55,537
Brent Keith,CA,M,67,150
Brent Noel,FL,M,63,30
Brenton Cantu,WA,M,41,415
Brenton Fields,OH,M,50,280
Bret Carey,LA,M,37,1000
Bret Carter,FL,M,42,241
Brett Conley,FL,M,51,60
Brett Dunlap,OR,M,48,540
Brian Fry,LA,M,63,180
Brian Norton,TX,M,70,739
Brian Sampson,TX,M,35,120
Brian Todd,PA,M,48,272
Briana McGuire,TX,F,46,367
Brianna Park,WA,F,57,300
Brice Cruz,NC,M,30,192
Brice Solomon,CT,M,56,400
Bridget Compton,NY,F,26,602
Bridget Freeman,PA,F,63,195
Bridget Holmes,FL,F,92,291
Bridgett Battle,AL,F,53,368
Bridgett Booker,FL,F,56,233
Bridgett Clements,FL,F,73,210
Bridgett Farmer,FL,F,88,479
Britney Cross,PA,F,28,479
Britney Dunlap,CO,F,50,140
Britney McFarland,MA,F,52,560
Britt Johnston,FL,M,42,26
Britt Simon,NC,M,62,326
Brittany Simmons,FL,F,88,220
Brock Boyd,FL,M,79,160
Brooke Bates,NJ,F,68,600
Brooke Cabrera,GA,F,70,333
Brooke Duncan,RI,F,28,279
Brooke Herrera,GA,F,57,135
Brooke Odonnell,CA,F,52,251
Brooks Rodriquez,TX,M,47,190
Bruce Dale,TN,M,43,475
Bruno Hawkins,CO,M,50,866
Bryan Pearson,CA,M,36,487
Bryan Rios,CA,M,56,80
Bryant Ayers,TN,M,24,200
Bryce Ayala,NH,M,39,409
Bryce Marshall,NY,M,59,338
Bryce Moses,NY,M,33,132
Bryon Ewing,TX,M,76,28
Bryon Fletcher,OH,M,54,417
Bryon Goff,TX,M,45,100
Bud Jacobs,NM,M,32,190
Bud Noble,CT,M,24,509
Bud Salas,SC,M,36,100
Bud Ware,VA,M,34,278
Buddy Gibson,GA,M,46,205
Buddy Preston,GA,M,48,359
Buddy Puckett,RI,M,47,240
Burl McKee,FL,M,62,354
Burt Donaldson,CO,M,56,376
Burt Holden,FL,M,60,124
Burt Merrill,RI,M,47,369
Burt Stevens,CO,M,44,309
Buster Miles,WA,M,67,140
Buster Roy,FL,M,43,120
Byron Daniels,CA,M,35,530
Caitlin Klein,TX,F,61,125
Caitlin McClure,OR,F,36,358
Caitlin Schroeder,AZ,F,73,327
Caitlin Sims,FL,F,19,301
Caleb Norris,FL,M,75,30
Caleb Pacheco,GA,M,58,15
Caleb Valentine,TX,M,79,73
Callie Burke,NY,F,39,190
Callie Macdonald,MA,F,59,446
Callie Madden,NC,F,75,225
Calvin Holland,NC,M,50,40
Cameron Cannon,PA,M,62,339
Cameron Cohen,TX,M,69,180
Cameron Gardner,MA,M,66,197
Cameron Saunders,NC,M,44,189
Camille Santiago,TX,F,56,300
Candace Gilbert,TN,F,31,464
Candy Austin,NC,F,62,427
Cara Berry,LA,F,66,112
Cara Sutton,FL,F,60,1000
Carey Lucas,AZ,M,79,60
Carissa Finch,AL,F,56,20
Carissa Sherman,CA,F,56,80
Carl Dalton,CT,M,39,879
Carl Sweet,CO,M,60,165
Carlene Gordon,FL,F,58,284
Carlene Ortiz,LA,F,75,58
Carlene Robinson,VA,F,38,420
Carlo Leblanc,NJ,M,72,459
Carlos Shaffer,MA,M,24,210
Carlton Bush,CT,M,48,356
Carlton Pearson,GA,M,44,290
Carlton Peck,WA,M,72,269
Carlton Russell,CA,M,70,619
Carly Fisher,OH,F,27,60
Carmela Becker,FL,F,82,259
Carmela Marsh,WA,F,32,120
Carmela Ramsey,WA,F,34,70
Carmella Burton,MA,F,34,145
Carmella Hopper,GA,F,49,979
Carmella Meyer,TX,F,53,177
Carmella Spence,LA,F,52,60
Carmelo Christensen,CA,M,69,475
Carmelo McDaniel,FL,M,65,373
Carmelo Preston,NC,M,69,40
Carmen Madden,TX,F,57,315
Carmen Sellers,SC,F,71,703
Carmine Burke,AZ,M,80,113
Carmine Patterson,VA,M,73,692
Carmine Stark,CA,M,26,180
Carol Slater,AZ,M,41,909
Carole McBride,FL,F,88,20
Carole Suarez,FL,F,46,132
Carolina Black,TX,F,45,95
Carolina Diaz,CA,F,31,120
Caroline Acosta,CA,F,66,259
Carolyn Banks,VA,F,48,140
Carolyn Burch,CA,F,32,235
Carolyn Maddox,OR,F,61,348
Carolyn Sherman,NC,F,52,30
Carrie Gomez,TX,F,63,60
Carrie Key,NC,F,49,200
Carrie Rocha,OR,F,52,235
Carson Barron,NY,M,54,236
Carson Pruitt,NY,M,68,157
Carter Blackburn,PA,M,72,134
Carter Gillespie,SC,M,21,73
Cary Forbes,FL,M,53,655
Cary Gillespie,AZ,M,56,344
Cary Horne,FL,M,81,379
Cary Soto,NY,M,72,170
Cary Wells,WA,M,43,180
Casandra Dunn,NH,F,43,78
Casey McKee,GA,M,60,358
Casey Steele,FL,M,76,330
Casey Wilkins,CA,F,52,100
Cassandra Blair,CT,F,43,20
Cassandra Burris,CA,F,56,798
Cassandra Sanchez,LA,F,75,447
Cassie Walsh,CA,F,28,560
Catalina Barlow,CA,F,32,182
Catalina Powers,VA,F,53,560
Cathleen Martinez,OR,F,28,1254
Cathryn Burton,FL,F,57,419
Cathryn Richardson,MA,F,51,113
Cathryn Rush,FL,F,90,60
Cathryn Sutton,FL,F,49,539
Cathy Melendez,TN,F,57,334
Cecil Davis,NY,M,29,479
Cedric Russell,RI,M,30,420
Cedrick Beck,FL,M,81,2080
Cedrick Calhoun,LA,M,35,560
Celia Castro,NC,F,49,881
Celia OBrien,FL,F,95,100
Celina Estrada,NC,F,36,52
Celina Simpson,FL,F,88,653
Celina Villarreal,OR,F,74,979
Cesar Morgan,CT,M,70,250
Cesar Salazar,TX,M,64,229
Cesar Walsh,TX,M,64,325
Chad Burris,CT,M,39,547
Chad Erickson,NJ,M,71,13
Chadwick Castaneda,TX,M,41,183
Chadwick Flores,FL,M,52,172
Chadwick Lindsay,GA,M,48,75
Chadwick Rosa,AZ,M,69,281
Chance McClain,FL,M,57,20
Chance Robles,FL,M,86,335
Chandra Acosta,FL,F,89,90
Chang Nielsen,LA,M,47,324
Chang Stephens,NC,M,39,140
Charles Bolton,FL,M,71,334
Charles Brady,NY,M,31,224
Charley Ewing,NM,M,78,65
Charley Hensley,TX,M,62,100
Charley Juarez,FL,M,48,233
Charlie Pacheco,FL,M,74,272
Charlotte Harris,CO,F,73,332
Charlotte Powell,TX,F,78,439
Charmaine Cantrell,NC,F,43,265
Chas Macias,AZ,M,77,410
Chase Hernandez,NC,M,36,107
Chauncey Mercer,OR,M,42,180
Chauncey Salinas,TX,M,40,721
Chelsea Simpson,FL,F,73,800
Cherie Ayers,FL,F,55,75
Cherry Hutchinson,NC,F,58,276
Cherry Roth,OR,F,25,248
Cheryl Kidd,CA,F,68,274
Cheryl Watkins,FL,F,81,129
Chester Dickson,GA,M,60,326
Chester Gillespie,TX,M,74,60
Chester Montoya,CA,M,23,20
Chester Tyler,MA,M,36,369
Chi Farrell,TX,M,68,263
Chong Pate,OH,M,35,499
Chris Dodson,GA,F,75,250
Chris Harrell,NY,F,52,140
Christa Bailey,FL,F,74,749
Christa Foley,OH,F,71,220
Christi Brock,FL,F,45,335
Christi Moss,AZ,F,54,101
Christi Vang,MA,F,28,639
Christian Cox,FL,F,71,280
Christian Curry,NJ,M,28,334
Christian Dickerson,NC,M,66,544
Christian Howe,TX,F,43,431
Christian Stafford,VA,M,26,469
Christie Sloan,NC,F,33,242
Christine Castro,WA,F,51,420
Christine Nicholson,OH,F,76,180
Christoper Houston,PA,M,29,60
Christopher Dixon,VA,M,60,240
Christy Hopkins,VA,F,67,90
Christy Richard,CO,F,42,455
Chrystal Delaney,TX,F,36,198
Chrystal Hart,NC,F,49,130
Chrystal Morin,FL,F,90,20
Chrystal Nelson,CO,F,34,444
Chuck Eaton,TX,M,39,15
Claire Franco,SC,F,37,577
Clare Graves,NC,F,34,338
Clarence Bentley,GA,M,68,182
Clarence Craig,CA,M,30,44
Clarice Baxter,CA,F,70,236
Clarice Farrell,NM,F,45,349
Clarice Nicholson,WA,F,63,258
Clarice Pollard,AL,F,46,65
Clarissa Norton,FL,F,85,300
Clarissa Soto,CO,F,64,959
Clark Abbott,GA,M,21,85
Clark Hoover,NC,M,69,365
Claud Torres,CA,M,42,161
Claudette Gillespie,CA,F,45,159
Claudette Key,NY,F,61,719
Claudette Wagner,CA,F,24,604
Claudia Morgan,GA,F,77,336
Claudine Morrow,WA,F,61,80
Claudine Tillman,CA,F,59,60
Clay Romero,FL,M,71,243
Clayton Marsh,TN,M,65,379
Clayton Mullins,NY,M,32,148
Clayton Nielsen,AL,M,53,731
Clement Alston,FL,M,82,56
Clement Hull,TX,M,47,211
Clemente Barrett,CA,M,55,809
Clemente Cash,FL,M,81,140
Clemente Meyers,CA,M,54,96
Cleo Levy,NY,M,61,322
Cleo Odom,WA,F,52,1146
Cleveland Donaldson,CA,M,72,943
Cliff Clemons,NC,M,61,195
Clifford Joseph,GA,M,74,185
Clifton Solis,TX,M,30,30
Clint Valenzuela,NC,M,37,869
Clinton Sanders,GA,M,53,300
Clinton White,NY,M,30,240
Clyde Ball,NY,M,51,60
Clyde Gay,CA,M,55,77
Colby Holcomb,NY,M,31,385
Cole Garrison,OR,M,73,25
Cole Velazquez,CO,M,67,209
Coleen Jones,VA,F,52,90
Coleen Wood,MA,F,39,285
Colette Bender,NC,F,65,140
Colette Fitzpatrick,NJ,F,48,84
Colette Frye,TX,F,60,669
Colette Pope,CA,F,45,40
Colette Wolfe,MA,F,43,178
Colin Becker,LA,M,55,579
Colin Holder,NC,M,69,330
Colleen Garza,TN,F,68,207
Colleen Juarez,SC,F,50,327
Colton Baxter,NH,M,24,319
Colton Roman,CT,M,67,144
Colton Schneider,VA,M,67,538
Colton Shaw,SC,M,74,60
Columbus Hansen,NY,M,48,428
Columbus Patton,CO,M,46,40
Columbus Rice,OH,M,50,175
Columbus Skinner,UT,M,56,244
Concepcion Schmidt,TX,F,75,300
Concetta Eaton,GA,F,47,39
Concetta Stout,AL,F,68,739
Connie Atkinson,CA,M,48,279
Connie Newman,TX,M,32,599
Connie Newton,CO,F,46,90
Constance Kemp,CA,F,53,238
Constance Ray,AL,F,24,26
Constance Stark,TX,F,63,98
Consuelo Bartlett,NC,F,27,128
Consuelo Edwards,NY,F,28,829
Consuelo Thompson,TX,F,64,232
Consuelo Waller,CA,F,44,541
Cora McKee,NJ,F,37,309
Cora Shelton,AL,F,32,39
Cordell Ellis,CO,M,32,350
Cordell Puckett,TN,M,27,40
Cordell Sears,VA,M,64,659
Corey Leblanc,NC,M,54,168
Corina Puckett,OR,F,48,50
Corine Kramer,CT,F,76,224
Corinne Craig,NC,F,47,500
Corinne Parker,PA,F,25,116
Cornelia Everett,CO,F,47,590
Cornelius Shields,TX,M,55,564
Cornelius Wheeler,NY,M,70,790
Cornell Williamson,NC,M,49,60
Corrine Peterson,AL,F,71,13
Corrine Rodgers,GA,F,28,252
Cortez Coffey,FL,M,48,105
Cortez Lloyd,CT,M,37,240
Cory Glover,NC,M,69,120
Cory Pratt,WA,M,57,120
Courtney Evans,TX,F,43,630
Courtney Gutierrez,NJ,M,27,270
Courtney Hammond,CO,M,62,176
Coy Sharp,FL,M,62,80
Craig Hooper,NH,M,71,250
Craig Morton,LA,M,22,374
Cristina Snider,NC,F,71,144
Cristobal Buck,TX,M,32,91
Cristopher Johnston,CT,M,74,384
Cruz Huff,NY,M,65,370
Cruz Padilla,OH,M,66,377
Crystal Santiago,WA,F,49,295
Crystal Vazquez,NC,F,59,584
Crystal White,NJ,F,72,489
Curt Barry,NJ,M,68,304
Curt Chandler,FL,M,76,206
Curt Dickerson,VA,M,62,610
Curt Skinner,TX,M,60,1216
Curtis George,FL,M,64,190
Cynthia Case,TX,F,48,177
Cynthia McFadden,NY,F,58,280
Cynthia Rivas,NM,F,81,192
Cyril Hardin,FL,M,79,279
Cyril Yang,TN,M,64,40
Cyrus Booker,FL,M,47,230
Cyrus Juarez,TX,M,51,98
Cyrus Melendez,CA,M,64,60
Daisy Best,OR,F,40,639
Daisy Lindsay,TX,F,50,270
Daisy Maddox,CT,F,25,46
Daisy Walsh,FL,F,81,120
Dale Grimes,PA,M,26,238
Dale Hopper,TX,F,38,210
Dale Simon,RI,M,22,439
Dale Strickland,GA,F,52,224
Dalton Dorsey,TX,M,59,489
Dalton Jarvis,CT,M,26,175
Damian David,CT,M,49,819
Damian Galloway,NM,M,42,749
Damian Nicholson,FL,M,68,304
Damien Gay,OH,M,61,492
Damion Cole,TX,M,54,234
Damion Compton,GA,M,33,178
Damion Cooper,TX,M,63,26
Damion Graves,VA,M,69,1257
Damion Lara,FL,M,69,120
Damon Fitzpatrick,VA,M,66,279
Damon Harrison,NC,M,32,1120
Damon McCall,WA,M,49,254
Damon Simpson,AZ,M,63,228
Dan Buck,AL,M,56,488
Dan Hutchinson,TX,M,32,344
Dan Moody,TN,M,34,160
Dan Sherman,TN,M,39,224
Dana Dalton,FL,F,80,215
Dana Dean,NH,F,69,340
Dana Figueroa,LA,F,32,40
Dana Marshall,TN,F,30,241
Dana McMillan,CA,M,28,233
Dane Battle,AZ,M,84,66
Dane Ferguson,TX,M,35,414
Dane McCoy,VA,M,73,119
Dane Phelps,CO,M,46,280
Daniel McKee,TX,M,45,308
Daniel Stark,GA,M,31,360
Danielle Burgess,CA,F,53,274
Danielle Garner,GA,F,58,112
Danielle Nash,NC,F,42,205
Danielle Randolph,TX,F,55,283
Danilo Dillard,GA,M,25,100
Dannie Chaney,FL,M,20,78
Danny Irwin,TX,M,62,211
Dante Cole,NC,M,22,394
Dante Savage,PA,M,49,327
Daphne Potts,NJ,F,69,573
Darcy Flynn,CA,F,26,659
Darcy Haney,WA,F,30,13
Darcy Mayer,PA,F,65,165
Darcy McNeil,CO,F,32,200
Darcy Sullivan,NJ,F,56,295
Darin Johns,CO,M,46,121
Dario Cooper,FL,M,52,657
Dario Hayes,GA,M,35,282
Dario Herman,TN,M,34,319
Darius Burke,NC,M,27,418
Darius Cochran,NC,M,51,589
Darlene Hurley,CA,F,60,155
Daron Briggs,NC,M,24,597
Daron Davis,AL,M,38,469
Darrel Kline,NY,M,62,220
Darrel Strickland,MA,M,34,600
Darrel Yang,PA,M,52,166
Darrell Woodard,CO,M,64,78
Darren Sharpe,AZ,M,78,140
Darrick Frederick,GA,M,51,282
Darrick Fry,GA,M,74,80
Darrin Faulkner,WA,M,48,39
Darrin Freeman,NY,M,39,450
Darrin Horton,CA,M,63,609
Darrin Koch,NH,M,37,120
Darrin McGuire,CA,M,27,104
Darron Strong,TX,M,74,1214
Darron Terrell,MA,M,48,339
Darryl Duran,VA,M,53,168
David Booth,NM,M,65,44
David Jimenez,TN,M,70,378
Dean Vincent,FL,M,86,120
Dean Wilkerson,TX,M,52,75
Deana Cortez,FL,F,58,100
Deana Giles,FL,F,88,529
Deana Lyons,FL,F,82,60
Deandre Mann,NH,M,30,572
Deangelo Woods,GA,M,55,60
Deanna Bruce,GA,F,27,500
Deanna Curry,NY,F,36,280
Deanna Dunn,NY,F,74,335
Deanna Sloan,CA,F,57,415
Deanne Gardner,FL,F,48,274
Debbie McCall,AL,F,65,539
Debbie Mooney,VA,F,61,65
Debbie Reid,FL,F,69,1030
Debbie Reyes,PA,F,35,560
Debora Blanchard,FL,F,77,464
Deborah Ramsey,FL,F,80,274
Deborah Roberson,FL,F,89,539
Deborah Scott,FL,F,78,120
Debra Cantu,NY,F,50,240
Debra Faulkner,NC,F,58,240
Debra Roach,TX,F,47,175
Dee Anderson,TX,F,70,170
Dee Hopper,NJ,M,30,13
Dee Sharpe,FL,F,46,64
Dee Wiggins,TX,F,79,472
Dee Wolfe,GA,F,64,259
Deena Curry,VA,F,71,427
Deena Lyons,CT,F,24,100
Deidre Bell,NC,F,51,60
Deirdre McDowell,TX,F,51,120
Del Mays,FL,M,70,112
Delbert Melton,GA,M,60,180
Delia Gates,NC,F,50,196
Delia Herman,FL,F,58,259
Delia Huber,NC,F,65,1086
Delia Spencer,NJ,F,30,597
Della Calderon,CA,F,69,429
Della Tyler,NY,F,41,1112
Delmer Clarke,GA,M,51,239
Delmer French,FL,M,47,90
Delmer Pittman,FL,M,43,224
Delores Vargas,VA,F,69,253
Deloris Blair,TX,F,78,319
Deloris Hess,GA,F,50,198
Deloris Nolan,GA,F,42,10
Demarcus Gonzalez,CA,M,57,309
Demetrius Fox,CT,M,52,559
Dena Estrada,WA,F,69,253
Denise McClain,FL,F,39,140
Dennis Walter,FL,M,75,20
Dennis Weaver,AL,M,57,837
Denny Wilkerson,CA,M,60,319
Denver Carlson,FL,M,48,500
Denver Rhodes,NC,M,42,819
Deon Tillman,TN,M,43,60
Derek Irwin,NC,M,48,322
Derek McIntosh,TX,M,59,544
Derick Gross,NJ,M,52,420
Derick Lester,NC,M,60,125
Derrick Solomon,FL,M,95,115
Deshawn Wyatt,CA,M,44,219
Desiree Hanson,SC,F,29,116
Desmond Morales,NC,M,29,22
Devin Davis,PA,M,31,744
Devin Webb,NC,M,65,270
Devon Huffman,TX,M,73,225
Dewayne Pope,VA,M,48,133
Dewayne Sweeney,NY,M,32,155
Dewey Buchanan,SC,M,63,105
Dewey Chan,FL,M,45,1312
Dewey Howe,SC,M,23,91
Dewitt Maynard,TX,M,76,66
Diana Mercado,OH,F,71,130
Diann Tran,CA,F,60,390
Dianna Kerr,TX,F,31,160
Dianna Levine,AL,F,32,264
Dianna Poole,MA,F,49,250
Dianna Travis,GA,F,52,220
Dianna Williams,CT,F,25,447
Dianne Campbell,FL,F,73,129
Dianne Contreras,TN,F,71,180
Dianne Cooper,MA,F,31,609
Dianne Joyner,LA,F,61,808
Dianne Lowe,FL,F,59,259
Dianne Phillips,NC,F,55,150
Dick McPherson,NC,M,21,195
Dick Spence,CA,M,44,51
Diego Hester,NC,M,28,70
Dillon McKnight,FL,M,66,180
Dina Moss,WA,F,64,344
Dino Hunt,TX,M,58,320
Dion Cooley,NC,M,66,215
Dionne McIntosh,GA,F,29,100
Dionne Newton,FL,F,28,439
Dirk Page,NY,M,29,20
Dixie Bolton,SC,F,35,229
Dollie Higgins,NC,F,54,235
Dolores Norris,TX,F,31,78
Domenic Castaneda,AZ,M,85,155
Domenic Langley,LA,M,27,802
Dominic Dale,AZ,M,68,20
Dominic McCray,MA,M,35,165
Dominic Ryan,FL,M,60,20
Dominick Cameron,CA,M,50,135
Dominique Baldwin,CA,M,56,299
Dominique Maldonado,GA,F,53,99
Dominique Wagner,PA,M,27,300
Dona Maxwell,WA,F,72,120
Dona Sanford,WA,F,35,839
Dona Stanley,GA,F,52,236
Donald Pitts,CO,M,50,388
Dong Lee,OR,M,24,413
Dong Rivers,PA,M,62,194
Donna Webster,PA,F,38,39
Donnell Gentry,LA,M,71,289
Donnie Cruz,CT,M,33,196
Donnie Ellison,CA,M,35,160
Donny Pate,LA,M,41,205
Donovan Valenzuela,TX,M,36,519
Dora Bradley,CA,F,66,279
Dora Brewer,CT,F,36,329
Dora Rocha,TN,F,29,270
Dorian Stephens,VA,M,73,386
Doris Gilliam,TX,F,69,120
Doris Holder,FL,F,23,13
Doris Oneill,AZ,F,82,13
Doris Peters,TX,F,67,299
Dorothea Bauer,TN,F,25,664
Dorothea Vega,CA,F,32,210
Dorothy Boyer,PA,F,69,50
Dorothy Norris,OH,F,47,539
Dorsey Cain,NY,M,72,135
Dorsey Jenkins,PA,M,31,355
Dorthy Ellison,WA,F,75,120
Dorthy Pitts,AL,F,33,659
Doug Hart,FL,M,60,60
Doug Pope,FL,M,81,481
Doug Scott,GA,M,56,151
Doug Torres,VA,M,44,929
Douglass Freeman,CA,M,71,225
Douglass Navarro,VA,M,70,780
Duane Hunter,AZ,M,58,237
Duane Wong,NY,M,71,419
Dudley Griffith,MA,M,69,349
Dudley McNeil,TX,M,62,724
Dudley Odom,NY,M,21,70
Duncan Daniel,OR,M,53,419
Dustin Cooley,FL,M,62,146
Dustin Patrick,GA,M,37,345
Dwain Lyons,CA,M,44,560
Dwain Peters,FL,M,46,91
Dwayne Ellis,VA,M,34,1105
Dwight Cote,AZ,M,76,294
Dwight McGuire,TX,M,36,50
Dylan Mooney,TX,M,28,278
Earl Larson,OR,M,58,253
Earl Rios,NH,M,63,200
Earl Wells,LA,M,50,274
Earle Curry,LA,M,36,72
Earle Gutierrez,SC,M,35,249
Earlene Hodges,AZ,F,87,288
Earlene Howell,CA,F,48,298
Earline Bruce,CA,F,28,15
Earnest Mueller,CO,M,67,630
Earnestine McCray,AZ,F,45,117
Ebony Stone,GA,F,29,594
Ebony Yates,TX,F,53,66
Ed Sears,TX,M,37,350
Ed Tyson,AL,M,53,749
Eddie Anthony,OR,F,42,459
Eddie Atkins,AZ,M,45,45
Eddie Coleman,FL,F,48,500
Eddie Giles,WA,M,38,250
Eddie Glass,NY,F,39,191
Eddie Holmes,CA,M,65,45
Eddie Mayo,PA,M,55,345
Eddie Murphy,VA,F,65,80
Edgardo Powers,UT,M,36,28
Edgardo Randolph,NY,M,54,140
Edgardo Washington,TX,M,72,378
Edison Gibson,NC,M,69,271
Edison Madden,LA,M,51,215
Edith Berger,NC,F,24,180
Edith Copeland,WA,F,70,266
Edith Mason,RI,F,66,39
Edmond Erickson,TN,M,48,224
Edmund Carey,CA,M,24,40
Edmund Flynn,TX,M,43,100
Edna Riddle,MA,F,74,100
Edna Stevenson,PA,F,65,240
Eduardo Joseph,FL,M,89,150
Edward Rogers,TX,M,30,45
Edward Solomon,CA,M,48,145
Edward White,TX,M,40,231
Edwardo Beach,LA,M,58,175
Edwardo Orr,CA,M,27,66
Edwin McBride,FL,M,53,369
Edwin Parrish,FL,M,58,419
Edwina Meadows,CO,F,57,434
Edwina Whitney,OH,F,73,515
Edwina Wilson,TX,F,67,120
Effie Bean,GA,F,35,250
Effie Hudson,NH,F,49,507
Effie Preston,RI,F,41,901
Efrain Osborn,NM,M,79,46
Elaine Kelley,TX,F,33,374
Elba Justice,OR,F,49,279
Elba Vance,TX,F,44,217
Elbert Myers,OR,M,29,309
Elden Gould,FL,M,59,60
Elden Stewart,MA,M,32,505
Eldridge Foley,NY,M,72,188
Eleanor Grant,NY,F,28,140
Eli Bright,FL,M,86,193
Eli Foster,AZ,M,61,616
Eli Larson,CT,M,22,305
Elinor Case,MA,F,24,279
Elisa Crosby,TX,F,41,194
Elisa Doyle,VA,F,77,203
Elisa Meyers,GA,F,59,135
Elisabeth Pearson,SC,F,39,360
Elisabeth Stanley,AL,F,54,309
Elisabeth Vance,GA,F,43,30
Elise McGuire,TX,F,74,879
Elise Owens,NC,F,70,325
Elise Rodriquez,CA,F,29,1274
Eliseo Fuentes,TX,M,74,284
Eliseo Nelson,NY,M,36,359
Elisha Jarvis,RI,M,27,98
Elisha Kramer,CT,M,53,519
Elisha Leonard,CA,M,74,879
Elisha Rutledge,NY,M,21,149
Elizabeth Hodge,FL,F,98,120
Ella Bartlett,CA,F,30,389
Ella Colon,VA,F,31,540
Elliot McCullough,CO,M,22,60
Elliot Stephens,GA,M,64,186
Elliot Watson,TX,M,70,509
Elliott Horn,AL,M,70,289
Elliott Merritt,TX,M,50,416
Elliott Meyer,VA,M,21,379
Ellis Bowers,FL,M,73,180
Ellis Erickson,CA,M,30,339
Ellis Rosario,AL,M,25,524
Ellsworth Sims,GA,M,52,380
Ellsworth Washington,TX,M,38,267
Ellsworth Whitehead,FL,M,48,317
Elma Bauer,CO,F,42,43
Elma Grimes,NY,F,30,105
Elma Rivers,NC,F,28,723
Elmer Gill,MA,M,30,389
Elmo Durham,GA,M,27,289
Elmo Gallagher,TX,M,55,1023
Elmo Walter,FL,M,92,60
Eloise Merritt,NC,F,69,146
Eloy Kidd,TX,M,56,160
Elroy Clements,TX,M,33,13
Elroy Daniel,LA,M,50,509
Elsa Barton,OR,F,61,689
Elsa McNeil,TX,F,75,584
Elsa Shaffer,GA,F,52,386
Elsie French,VA,F,45,524
Elsie Gomez,CA,F,47,480
Elsie Nguyen,NC,F,58,160
Elton Joyce,PA,M,59,210
Elton West,FL,M,91,100
Elva Abbott,NC,F,51,743
Elva Riley,VA,F,62,252
Elva Short,AZ,F,73,920
Elva Trujillo,VA,F,55,30
Elvia Kidd,CO,F,59,302
Elvia Mays,MA,F,72,719
Elvira Bennett,NY,F,55,414
Elvira Kirk,VA,F,68,45
Elvis Case,TX,M,76,359
Elvis Petersen,GA,M,70,785
Elwood Marquez,VA,M,56,60
Emerson Sargent,FL,M,44,681
Emil Ferguson,NY,M,22,462
Emil Holloway,NY,M,49,223
Emile Barry,TX,M,29,264
Emile Greene,FL,M,43,140
Emile OConnor,WA,M,51,224
Emilia Nixon,TX,F,42,215
Emilia Wagner,VA,F,46,125
Emilio Chapman,VA,M,59,324
Emilio Graham,SC,M,36,210
Emilio Kramer,FL,M,61,130
Emily Fowler,GA,F,40,140
Emily Rutledge,VA,F,68,96
Emmanuel Hebert,FL,M,77,419
Emmanuel Powell,FL,M,69,103
Emmanuel Salazar,PA,M,59,299
Emmanuel Strong,TX,M,42,160
Emmett Cummings,FL,M,56,140
Emmett Greene,GA,M,26,180
Emmitt Gentry,NY,M,26,72
Emmitt Snow,CO,M,43,749
Enid Lang,TN,F,73,120
Enid Rich,PA,F,29,499
Enoch Johnson,NC,M,50,304
Enrique Berry,TX,M,39,15
Enrique Harrington,TX,M,70,244
Enrique Webster,MA,M,71,52
Eric Chase,UT,M,65,155
Eric Hoover,FL,M,77,214
Eric Hunter,GA,M,42,318
Erica Graham,NJ,F,31,679
Erica McCormick,PA,F,39,269
Erica Sykes,NY,F,52,219
Erich Odom,CA,M,69,480
Erich Santos,TX,M,53,120
Erick Frederick,NY,M,58,511
Ericka Atkins,TX,F,84,175
Ericka Battle,CA,F,77,304
Ericka Gamble,TN,F,35,13
Erik Jackson,TX,M,28,239
Erin Buck,FL,M,22,60
Erin Juarez,RI,F,62,40
Erin Lester,FL,M,48,443
Erma Logan,VA,F,56,176
Erma Sexton,FL,F,68,420
Erma Watkins,CT,F,38,20
Erna Wood,CO,F,38,140
Ernest Cervantes,TX,M,46,494
Ernestine Mathews,FL,F,48,325
Ernesto Fischer,WA,M,52,234
Errol Kerr,TX,M,70,140
Errol Lynn,PA,M,70,669
Errol Merrill,PA,M,35,420
Ervin Jensen,FL,M,76,225
Erwin Atkins,CA,M,27,120
Esmeralda Best,FL,F,45,40
Esmeralda Hicks,OH,F,53,274
Esperanza Anthony,FL,F,65,40
Esperanza Grimes,LA,F,64,160
Esperanza Rocha,PA,F,71,104
Esperanza Stone,NC,F,33,15
Esteban Byrd,CT,M,56,360
Esteban Kelley,VA,M,23,629
Esteban McNeil,NC,M,40,195
Estela Jenkins,PA,F,61,404
Estela Quinn,CA,F,25,180
Estella Parks,NY,F,57,115
Estella Simpson,UT,F,24,859
Ester Webster,AL,F,58,140
Esther Koch,AZ,F,87,236
Ethan Ray,NC,M,42,238
Ethel Dale,NC,F,63,176
Ethel McKnight,OR,F,76,85
Ethel Wolf,LA,F,51,220
Etta Becker,MA,F,42,190
Etta Cameron,NC,F,26,328
Etta Conley,CO,F,63,252
Etta Cross,UT,F,56,40
Etta French,AZ,F,66,427
Etta Hendrix,WA,F,60,1034
Etta Shaffer,NH,F,27,489
Etta Sweet,NC,F,57,160
Eugenio Dyer,TX,M,36,250
Eugenio Hebert,NY,M,34,185
Eugenio Macdonald,NC,M,57,187
Eula Slater,TX,F,78,180
Eunice Dawson,GA,F,28,335
Eunice OConnor,TX,F,45,75
Eusebio Reynolds,CA,M,41,165
Eva Bird,NC,F,44,949
Eva Sparks,UT,F,75,1099
Evan Harris,CA,M,40,248
Evangelina Head,CA,F,30,400
Evangeline Abbott,PA,F,65,154
Evangeline Bass,FL,F,55,40
Eve Burch,NY,F,58,78
Eve Collins,GA,F,41,149
Everett Hobbs,TX,M,56,325
Everett Lopez,TX,M,69,90
Everett Nielsen,NY,M,27,309
Ezekiel Berger,FL,M,50,540
Ezekiel Montgomery,MA,M,56,260
Ezekiel Terrell,OR,M,69,265
Ezekiel Tillman,FL,M,88,260
Faith Fernandez,SC,F,35,252
Faith Munoz,NY,F,31,320
Fannie Byrd,VA,F,35,319
Fannie Puckett,LA,F,76,419
Fanny Ramos,VA,F,41,359
Faustino Steele,PA,M,57,233
Fausto Mayer,SC,M,45,298
Federico Leonard,CT,M,28,639
Felecia Bernard,FL,F,50,189
Felecia Douglas,CT,F,73,13
Felix Dalton,CA,M,49,177
Ferdinand Langley,FL,M,91,344
Ferdinand Richard,FL,M,61,127
Fermin Joseph,TX,M,74,420
Fermin Shelton,TX,M,80,210
Fernando Barlow,FL,M,46,60
Fernando Estrada,TX,M,54,342
Fernando Mathews,VA,M,61,399
Fidel Gonzales,TN,M,57,347
Fidel Hampton,MA,M,59,999
Fidel Harrell,GA,M,64,104
Fidel Madden,AL,M,74,180
Fidel Roth,NC,M,29,45
Filiberto Tillman,NY,M,71,80
Florence Mayo,NY,F,39,140
Florencio Cash,CA,M,43,247
Florentino Chan,NY,M,49,437
Florine Craig,AZ,F,38,554
Florine Emerson,GA,F,62,219
Florine Green,NC,F,46,100
Florine Hamilton,UT,F,47,140
Florine Hoover,NM,F,70,713
Florine McKnight,FL,F,59,117
Florine Stark,CO,F,60,296
Flossie Scott,FL,F,69,239
Floyd Burns,TN,M,39,190
Floyd Lynch,FL,M,84,359
Forest Hernandez,FL,M,90,934
Forrest Aguilar,NH,M,22,158
Foster Harrington,VA,M,68,110
Foster Middleton,AL,M,33,30
Fran Fletcher,PA,F,46,378
Frances Knox,LA,M,46,259
Frances Maddox,MA,M,38,130
Francesca Leach,FL,F,96,306
Francesca Woods,NY,F,40,301
Francesco Mercer,TN,M,46,65
Francine Lowe,CA,F,66,30
Francis Cervantes,OH,M,33,505
Francis Kramer,TN,F,76,509
Francis Lara,CO,M,70,244
Francis Mays,TX,M,67,493
Francis Reed,NM,M,52,100
Francis Shelton,FL,F,70,531
Francisca Bond,WA,F,69,155
Francisca Cantrell,GA,F,64,75
Francisca Noel,TX,F,75,629
Francisca Pruitt,CO,F,41,45
Francisco Dalton,LA,M,21,60
Francisco McDaniel,GA,M,71,280
Frank Serrano,GA,M,56,504
Frankie Henson,VA,M,38,600
Frankie Wise,AZ,M,62,237
Franklin Dudley,SC,M,66,379
Franklin Frost,NY,M,71,117
Franklin Good,NC,M,36,863
Franklyn Crawford,FL,M,68,224
Franklyn Jensen,FL,M,60,700
Fred McClain,FL,M,32,26
Fred Olson,NC,M,39,299
Freddie Kirkland,TN,M,37,65
Freddie Murphy,NY,M,73,300
Freddie Tillman,WA,M,56,15
Freddy Lyons,TX,M,55,175
Freddy Powers,SC,M,23,180
Frederic Scott,CO,M,21,348
Frederick Bray,FL,M,74,135
Frederick Tanner,SC,M,52,296
Frederick Zamora,RI,M,35,13
Fredrick Finch,TX,M,39,60
Fredrick Francis,AZ,M,78,112
Fredrick Kramer,CA,M,22,244
Fredrick Rhodes,NC,M,60,180
Fredrick Sawyer,AZ,M,43,205
Freeman Estrada,TX,M,30,647
Freeman McDonald,GA,M,58,153
Freida Hammond,FL,F,46,104
Frieda Dudley,RI,F,35,165
Frieda McFarland,CO,F,69,98
Frieda Peterson,TX,F,50,60
Frieda Velazquez,VA,F,58,178
Fritz Giles,NY,M,34,100
Gabriel Lyons,NY,M,49,317
Gabriel Mueller,AL,M,52,39
Gabriel Rodriguez,FL,M,69,80
Gabriela Oliver,FL,F,98,125
Gabriela Stuart,NC,F,72,241
Gail Goff,GA,M,22,296
Gail McKay,FL,F,98,60
Gale Chen,CO,M,71,39
Gale Garrison,TX,M,69,171
Gale Kim,AZ,F,89,191
Gale Maynard,GA,M,42,65
Gale Stewart,TX,M,66,490
Galen Finch,FL,M,89,270
Galen Phelps,TX,M,55,240
Galen Shepard,FL,M,90,135
Garfield Henson,MA,M,33,411
Garland Cline,CA,M,65,80
Garland Newton,VA,M,25,15
Garret Fowler,NC,M,50,421
Garrett Boone,FL,M,49,180
Garrett Fernandez,NJ,M,34,778
Garrett Gibbs,FL,M,92,306
Garrett Hines,OR,M,31,179
Garrett Sullivan,TX,M,31,100
Garry Ellis,CT,M,35,60
Garth Macias,NM,M,57,291
Gary Flores,FL,M,91,117
Gary Moreno,FL,M,63,60
Gary Wilkinson,VA,M,25,529
Gaston Dillard,CA,M,40,1140
Gaston Lindsay,TX,M,63,656
Gaston Wolf,CT,M,34,239
Gavin Edwards,FL,M,47,435
Gavin Espinoza,FL,M,52,459
Gavin Jacobson,NM,M,30,154
Gavin Stanton,CO,M,57,569
Gay Carson,CT,F,73,180
Gayle Bender,PA,F,74,159
Gayle Craig,WA,M,67,240
Gayle Goff,AL,F,63,920
Gayle Goodman,NY,M,27,61
Gayle Pope,NY,M,47,30
Gayle Schwartz,NJ,F,62,224
Gaylord Hebert,NJ,M,29,28
Gena Booth,WA,F,67,380
Gena Weaver,NC,F,55,39
Gena Weiss,GA,F,47,283
Genaro Joseph,AL,M,28,363
Genaro Lancaster,PA,M,50,106
Genaro Melendez,FL,M,64,160
Gene Page,NY,M,30,40
Geneva Chapman,FL,F,57,1229
Geneva Grimes,RI,F,64,160
Geneva Vega,NY,F,28,869
Genevieve Benjamin,TX,F,62,56
Geoffrey Bird,FL,M,49,237
Geoffrey Foreman,UT,M,31,50
Geoffrey Jarvis,LA,M,38,310
Geoffrey Spence,FL,M,76,522
Geoffrey Velasquez,NY,M,25,100
George Petty,FL,M,55,197
George Thomas,WA,M,56,259
Georgette Barlow,NY,F,62,100
Georgina Warner,CA,F,39,360
Gerald Mason,AZ,M,82,459
Gerald Olsen,TN,M,43,519
Geraldine Burnett,CA,F,55,264
Gerard Dominguez,NY,M,50,150
Gerard Wong,TX,M,59,180
Gerardo Fitzpatrick,NY,M,45,284
Gerardo Romero,AZ,M,47,210
German Baxter,AZ,M,42,419
German Rollins,FL,M,70,103
Gerry Hale,LA,M,49,149
Gerry Huff,CO,M,62,221
Gerry Odonnell,TX,M,32,66
Gertrude Lindsay,GA,F,57,356
Gertrude Moses,FL,F,45,240
Gil Dickerson,CA,M,67,539
Gil Pickett,GA,M,54,386
Gilbert Little,CA,M,67,91
Gilberto Johnson,VA,M,64,289
Gilberto Kennedy,NJ,M,65,213
Gilberto Summers,AL,M,57,347
Gilda Hurst,FL,F,80,240
Gilda Joseph,CA,F,74,544
Gilda Mathis,CA,F,34,52
Gina McIntyre,FL,F,80,50
Gina Small,TX,F,43,117
Ginger Fischer,PA,F,62,340
Ginger Howe,FL,F,71,1160
Ginger Ortega,CA,F,58,589
Gino Hawkins,NM,M,56,100
Giovanni Nunez,NJ,M,70,272
Giuseppe Baldwin,LA,M,23,904
Giuseppe Hampton,NY,M,34,78
Giuseppe Haney,FL,M,67,194
Gladys Dickerson,NY,F,75,245
Gladys Fuller,AZ,F,53,25
Gladys Haley,WA,F,57,499
Glen Clayton,NY,M,54,339
Glenda Young,NC,F,53,52
Glenna Gilmore,CA,F,71,300
Gloria Davenport,CT,F,58,108
Gloria Mosley,NC,F,36,30
Gloria Oneal,CT,F,59,160
Gloria Roy,CA,F,64,459
Goldie Gallagher,NY,F,28,20
Gonzalo Hill,NY,M,66,709
Gonzalo Rios,NC,M,22,1249
Gordon Fry,AZ,M,56,259
Grace Olsen,AZ,F,63,1160
Graciela Booker,MA,F,48,100
Graciela Chandler,TX,F,52,560
Graciela Conner,FL,F,93,15
Graciela Garcia,CO,F,77,208
Graciela Lynch,GA,F,74,589
Graciela Peck,OH,F,55,419
Graciela Perez,NJ,F,40,634
Graciela Richardson,CT,F,29,58
Graciela Watkins,SC,F,63,329
Grady Brady,CO,M,44,750
Grady Gilbert,NY,M,56,542
Graham Norris,TX,M,70,249
Graig Blair,NH,M,52,160
Graig Mathis,NY,M,47,205
Grant Delaney,TX,M,52,100
Granville McCullough,CT,M,51,745
Granville Olson,NJ,M,38,13
Granville Pitts,TX,M,56,50
Greg Cleveland,MA,M,26,209
Greg Gomez,TX,M,73,379
Gregorio Bean,OR,M,66,165
Gregorio Fletcher,TX,M,79,490
Gregorio Johns,AZ,M,75,259
Gregorio Peters,CA,M,48,184
Gregorio Woodward,FL,M,85,190
Greta Logan,WA,F,55,397
Grover Garner,MA,M,54,240
Grover Glass,NC,M,66,184
Grover Sawyer,NY,M,33,184
Grover Walker,FL,M,88,252
Guadalupe Bradley,LA,F,54,379
Guadalupe Farmer,OR,M,50,911
Guadalupe McCullough,TX,F,44,479
Guadalupe Michael,PA,F,70,203
Guadalupe Rivas,GA,F,46,349
Guadalupe Shaffer,FL,F,93,484
Guillermo McIntosh,AL,M,47,304
Guillermo Terry,NC,M,36,280
Gustavo Barnes,PA,M,74,191
Gustavo Neal,GA,M,67,1224
Gwendolyn Atkins,GA,F,74,420
Gwendolyn Jarvis,GA,F,69,234
Hal Knowles,NC,M,23,302
Haley Stewart,NC,F,67,80
Haley Walton,VA,F,62,209
Hallie Copeland,GA,F,56,662
Hallie Hopkins,FL,F,53,80
Hallie Shaw,WA,F,38,212
Hank Hill,FL,M,43,194
Hannah Dean,RI,F,60,239
Hannah House,RI,F,25,1279
Hannah Rodgers,GA,F,68,559
Hannah Stevens,NY,F,71,519
Hans Bennett,GA,M,23,376
Hans Soto,NC,M,38,695
Harlan Dennis,CA,M,62,26
Harlan Harris,WA,M,46,190
Harlan Howe,TX,M,59,239
Harland Cotton,TN,M,32,95
Harland Peters,GA,M,43,279
Harley Clay,UT,M,71,204
Harriet Mooney,CA,F,57,1153
Harris Foreman,MA,M,48,1220
Harris Hobbs,CA,M,27,122
Harris Wong,TX,M,65,263
Harrison Ayers,CA,M,27,391
Harry Higgins,FL,M,82,319
Harvey Maldonado,FL,M,58,204
Hattie Short,NC,F,63,100
Hayden Villarreal,CA,M,62,235
Hazel Phillips,VA,F,37,60
Heath McCray,CA,M,58,121
Heather May,FL,F,65,363
Heather Wagner,FL,F,70,210
Hector Daniel,TN,M,27,292
Hector Fitzgerald,TX,M,73,120
Heidi Landry,TX,F,38,303
Heidi Pickett,VA,F,63,490
Helen Ayers,CO,F,37,159
Helena Galloway,CA,F,59,142
Helena Luna,FL,F,66,104
Helena Rosales,OH,F,59,199
Helena Steele,NH,F,59,254
Helene Castillo,CA,F,64,180
Helene Walton,NC,F,31,103
Helga Pitts,NC,F,39,160
Henrietta McCoy,TX,F,56,190
Henrietta McMahon,TX,F,75,123
Henry Adkins,FL,M,57,145
Henry Franco,TX,M,70,669
Herb Harvey,CT,M,27,98
Heriberto Marsh,CA,M,71,152
Heriberto McMillan,FL,M,88,30
Heriberto Norris,CT,M,64,430
Herman Castillo,WA,M,39,150
Herman Gould,TN,M,32,7
Herminia Bradshaw,CT,F,49,208
Herminia Rosario,TX,F,46,249
Herschel Berry,TX,M,67,35
Hershel Garza,TN,M,73,200
Hester Crane,NC,F,56,140
Hester Johnson,AL,F,68,85
Hester McKee,TX,F,43,259
Hester Nieves,AZ,F,50,264
Hester Ortega,AZ,F,67,120
Hilario Drake,FL,M,83,65
Hilario Nixon,GA,M,36,120
Hilario Robles,FL,M,94,224
Hilary McFarland,TN,F,53,284
Hilda Craft,NC,F,31,581
Hilda Mercado,OR,F,65,180
Hillary Kelley,NC,F,33,60
Hillary Marks,CT,F,54,117
Hilton Harding,NY,M,42,180
Hilton McLaughlin,TX,M,28,20
Hiram Moses,TX,M,70,274
Hiram Perez,LA,M,65,74
Hobert Moore,PA,M,65,78
Hollie Powell,FL,F,91,350
Holly Vargas,MA,F,50,511
Hong Chang,TN,M,38,736
Hong McMahon,TN,M,57,147
Hope Barber,TN,F,51,60
Hope Kaufman,AZ,F,54,78
Horace Guthrie,MA,M,22,264
Horace Vazquez,FL,M,57,344
Horacio Barton,AZ,M,85,320
Horacio Black,MA,M,51,1078
Horacio Duran,CA,M,41,150
Hosea Hart,PA,M,27,353
Hosea Sherman,OH,M,61,307
Hoyt Bennett,NY,M,23,20
Hoyt Harris,NJ,M,51,316
Hoyt Levine,GA,M,66,52
Hoyt McKee,CA,M,31,50
Hoyt Richard,MA,M,64,289
Hoyt Rios,GA,M,63,349
Hoyt Rivas,LA,M,69,60
Hubert Buck,LA,M,51,70
Hubert Cobb,UT,M,34,661
Hubert Soto,GA,M,34,372
Huey Castillo,AZ,M,51,75
Huey Weiss,AZ,M,33,346
Hugh Leach,CO,M,69,230
Hugh McLaughlin,TX,M,43,254
Hugh McMillan,CA,M,43,284
Hugh Wise,MA,M,27,288
Hugo Marshall,CO,M,71,337
Humberto Allen,LA,M,71,568
Humberto Barrett,VA,M,38,238
Humberto Hogan,NC,M,24,300
Humberto Mendoza,TX,M,60,342
Humberto Mosley,NY,M,40,824
Hunter Barnes,FL,M,53,225
Hunter Summers,RI,M,32,95
Hyman Lancaster,MA,M,69,456
Hyman Wagner,OR,M,68,105
Ian Mayer,FL,M,56,40
Ida Walker,CA,F,53,319
Ignacio Booth,VA,M,61,275
Ike Cash,FL,M,65,709
Ike Stevenson,WA,M,49,295
Ila Lamb,VA,F,77,339
Ilene Bradford,NY,F,57,160
Imelda Ellis,GA,F,59,156
Imelda McCall,FL,F,37,191
Imogene Collins,NJ,F,66,150
Imogene Hancock,NY,F,38,120
Imogene Mendez,NC,F,54,122
Imogene Nolan,TX,F,66,25
Ina Haynes,SC,F,37,264
Ina Holloway,FL,F,91,66
Ina Simmons,VA,F,30,415
Inez Reeves,CO,F,26,170
Ingrid Hill,FL,F,93,80
Ira Buchanan,NC,M,32,599
Ira Snyder,PA,M,55,140
Irene Austin,TX,F,70,168
Irene Herrera,WA,F,67,245
Iris Avery,CA,F,24,350
Iris Wilson,GA,F,67,156
Irma Dudley,FL,F,45,274
Irma Strong,GA,F,50,60
Irvin Woodard,GA,M,26,250
Irwin Hobbs,LA,M,60,130
Irwin Ramirez,RI,M,64,252
Irwin Richmond,CA,M,64,420
Irwin Sampson,FL,M,43,1520
Isaac Vasquez,GA,M,36,50
Isabel Campbell,TN,F,63,175
Isabel Farrell,CO,F,65,20
Isabella Guthrie,VA,F,25,198
Isabella Larson,GA,F,67,387
Isabelle Ray,CA,F,31,117
Isabelle Reese,VA,F,63,43
Isaias Buck,CA,M,57,131
Isaias Goodwin,PA,M,73,184
Isaias Moon,NC,M,44,118
Isaias Shelton,TX,M,32,124
Isaias Summers,TX,M,37,228
Isiah Charles,SC,M,34,388
Isidro Berg,RI,M,21,240
Isidro Fields,WA,M,32,56
Isidro Powell,GA,M,31,52
Ismael Michael,TX,M,47,250
Israel Wilkerson,WA,M,64,170
Isreal Ferrell,CT,M,41,100
Isreal Ortega,TX,M,61,40
Iva McIntosh,AL,F,73,180
Ivan Cabrera,CA,M,23,360
Ivan Duke,AZ,M,66,100
Ivory Guerra,CO,M,54,524
Ivory Merritt,NC,M,41,120
Ivy Sutton,TX,F,52,258
Ivy White,VA,F,26,90
Jacinto Ford,TX,M,53,20
Jacinto Fuentes,NY,M,30,1540
Jacinto Whitley,FL,M,89,120
Jack Douglas,WA,M,60,240
Jack Owens,FL,M,66,469
Jackie Atkins,OR,M,54,544
Jackie Jensen,TX,M,49,397
Jackie OBrien,TN,F,31,263
Jacklyn Christian,CA,F,43,403
Jacklyn Nolan,CO,F,35,294
Jackson Conway,TX,M,54,277
Jackson Melton,AZ,M,44,362
Jackson Rojas,FL,M,67,175
Jaclyn Chang,GA,F,58,500
Jaclyn Durham,AL,F,55,100
Jacob Mullen,NC,M,53,91
Jacqueline Austin,PA,F,70,150
Jacqueline Cannon,FL,F,57,45
Jacquelyn Raymond,OR,F,49,330
Jae Vang,SC,M,52,210
Jae Walter,AZ,M,49,79
Jaime Weaver,PA,M,28,20
Jake Colon,CT,M,65,60
Jake Curtis,CA,M,65,40
Jamaal Frost,RI,M,67,239
Jamaal Hogan,NJ,M,48,165
Jamaal Hull,FL,M,61,260
Jamal Schwartz,TX,M,47,39
Jamal Sharp,TX,M,40,65
Jamar Ball,MA,M,22,13
Jamar Dawson,NC,M,21,534
Jamar Mueller,MA,M,48,1224
Jame Ayala,NM,M,62,360
Jame Bradshaw,FL,M,80,20
Jame Clay,TX,M,46,180
Jamel Davis,VA,M,59,466
Jamel Morrow,NC,M,43,259
James Massey,VA,F,25,400
James Oneil,FL,M,62,350
Jamie Navarro,OH,F,77,366
Jamison Odonnell,RI,M,61,207
Jamison Valentine,OR,M,49,25
Jan Chan,NY,M,49,244
Jan Dale,FL,M,69,80
Jan Hendricks,TX,M,28,308
Jan McConnell,PA,F,67,265
Jana Morris,TX,F,56,100
Jane Albert,PA,F,49,282
Jane Salazar,FL,F,65,349
Janell English,TX,F,60,240
Janell Harmon,NY,F,70,121
Janelle Barnett,GA,F,53,112
Janelle Battle,CA,F,53,60
Janelle Cohen,FL,F,74,45
Janelle Jenkins,CA,F,37,243
Janelle Love,CT,F,30,400
Janet Cantu,TX,F,82,810
Janet Massey,TX,F,36,565
Janet Reyes,NY,F,74,141
Janet Valenzuela,GA,F,31,439
Janet Workman,LA,F,71,669
Janette Fischer,TX,F,60,175
Janice Estrada,LA,F,37,774
Janice Fuentes,VA,F,36,359
Janice Martin,AL,F,39,423
Janice Mercado,OH,F,61,329
Janie Strickland,OH,F,53,180
Janine Castillo,FL,F,52,1026
Janine Wooten,NY,F,66,180
Janis McCray,NY,F,54,334
Janna Cote,NC,F,61,919
Jannie Meadows,TX,F,41,844
Jannie Porter,FL,F,70,635
Jared Blake,NC,M,55,170
Jarod Banks,WA,M,61,284
Jarod Farley,TX,M,40,417
Jarod Small,CA,M,71,100
Jarred Stokes,PA,M,22,160
Jarrod Boone,CO,M,45,423
Jarrod Joseph,AZ,M,45,119
Jarrod McIntosh,CO,M,37,849
Jasmine Cervantes,TX,F,73,120
Jasmine Key,TX,F,38,113
Jason Douglas,MA,M,51,459
Jay Cook,FL,M,59,65
Jay Dotson,FL,M,59,125
Jay King,GA,M,63,135
Jay Newman,SC,M,52,105
Jayne Clements,TX,F,78,80
Jayne Shields,VA,F,37,361
Jayson Moss,NC,M,25,210
Jc Crawford,LA,M,48,491
Jc Rivera,FL,M,93,714
Jean Compton,MA,M,39,1000
Jean Hines,TX,M,56,709
Jean Lynch,TX,F,79,214
Jean Meadows,NC,F,67,120
Jean Sherman,NY,M,49,90
Jeanette Nicholson,MA,F,45,210
Jeanine Weber,MA,F,39,210
Jeanne Ball,FL,F,69,26
Jeanne Gamble,TN,F,62,78
Jeanne Livingston,SC,F,56,120
Jeannette Becker,OH,F,35,215
Jeannette Chan,CA,F,26,84
Jeannette Elliott,RI,F,70,145
Jeannette Galloway,TX,F,76,155
Jeannette Hatfield,NM,F,36,26
Jeannie McCullough,OR,F,41,668
Jeannie Osborn,TX,F,60,423
Jeannine Barrera,NY,F,42,278
Jed Ashley,MA,M,36,120
Jed Powers,FL,M,65,379
Jeff Mitchell,RI,M,57,274
Jefferey Clements,FL,M,50,519
Jefferson Clay,CA,M,48,375
Jefferson Morales,CT,M,41,60
Jefferson Parks,AZ,M,77,91
Jeffery Hyde,AZ,M,57,246
Jeffery OBrien,TX,M,38,555
Jeffery Tran,FL,M,65,261
Jeffry Barker,FL,M,76,155
Jeffry Dennis,NY,M,30,444
Jeffry Middleton,LA,M,62,60
Jeffry Santana,CO,M,67,100
Jeffry Terry,MA,M,39,170
Jenifer Ramirez,FL,F,52,145
Jenna Cervantes,NH,F,29,200
Jennie Bridges,VA,F,30,279
Jennie McClain,CA,F,70,939
Jennifer Farmer,CA,F,64,588
Jennifer Stanton,SC,F,69,181
Jenny Foreman,CA,F,58,300
Jenny Frederick,FL,F,97,300
Jenny Kelly,NY,F,39,120
Jenny Salinas,RI,F,62,268
Jenny Sullivan,SC,F,27,210
Jerald Kirby,CO,M,40,351
Jeramy Richardson,VA,M,22,243
Jeramy Snider,MA,M,43,1174
Jeramy Sosa,CA,M,21,200
Jeramy William,NJ,M,74,789
Jeremiah Marshall,OR,M,27,272
Jeremy Davis,NY,M,55,140
Jeremy Reynolds,CO,M,64,214
Jeremy Reynolds,NY,M,39,95
Jeri Robbins,TX,F,43,436
Jerold England,NC,M,68,479
Jerold Livingston,NM,M,42,26
Jerold Miles,GA,M,52,125
Jeromy Dodson,FL,M,89,366
Jeromy Hess,OH,M,44,400
Jerrell Sullivan,PA,M,73,279
Jerri Meyer,FL,F,80,106
Jerri Santana,NC,F,58,66
Jerrod Richmond,TN,M,58,153
Jerrod Webb,VA,M,23,529
Jerrold Lopez,NH,M,54,419
Jerrold Sandoval,MA,M,38,264
Jerry Edwards,WA,F,42,237
Jerry Fitzpatrick,GA,F,50,180
Jerry Hardy,TX,M,58,274
Jerry Moss,NC,F,35,329
Jerry Wiggins,VA,M,66,75
Jess Barron,NM,M,61,65
Jess Brock,AZ,M,46,140
Jess King,FL,M,94,280
Jesse Bruce,NH,M,34,350
Jesse Clayton,NC,M,65,15
Jesse Myers,NC,M,64,457
Jesse Wiggins,GA,M,33,199
Jessica Bailey,OR,F,52,325
Jessica Dodson,TX,F,58,285
Jessica Harrison,CA,F,68,557
Jessie Anderson,CT,F,32,180
Jessie Bird,CA,M,55,140
Jessie Fuller,TX,F,49,326
Jessie Hodges,TN,F,59,60
Jessie Maldonado,CT,M,38,299
Jesus Patrick,TX,M,30,530
Jesus Puckett,VA,M,46,117
Jewel Dixon,GA,F,63,200
Jewel Jones,AZ,M,50,120
Jewel Maddox,TX,M,53,80
Jewel Walters,FL,F,69,361
Jewell Ellis,NJ,M,67,549
Jewell Melendez,OR,F,62,440
Jewell Petty,CA,M,42,359
Jewell Richardson,NY,M,30,264
Jewell Vincent,NC,M,70,20
Jillian Shields,NC,F,44,389
Jim Cortez,OR,M,62,223
Jim Owen,NC,M,71,450
Jimmie Walls,NC,M,53,459
Jimmy Gilmore,CA,M,34,60
Jimmy McNeil,GA,M,31,304
Joann Buck,CO,F,47,160
Joanna Chen,TX,F,42,120
Joanna McKinney,FL,F,79,484
Joanne Barron,GA,F,63,279
Joanne Roach,FL,F,84,419
Joanne Small,CA,F,70,120
Jocelyn Carter,TN,F,52,65
Jocelyn Graves,NC,F,25,704
Jocelyn Randall,MA,F,62,145
Jodi Casey,TX,F,41,120
Jodie Guthrie,FL,F,96,417
Jody Olson,FL,F,73,105
Joe Barlow,CO,M,69,514
Joel Hammond,CT,M,26,140
Joel Osborn,AZ,M,56,132
Joel Wiggins,CA,M,24,50
Joesph Lancaster,NM,M,80,35
Joesph Lane,FL,M,82,200
Joesph Ramos,NY,M,36,278
Joesph Tran,CT,M,68,56
Joey Gonzales,MA,M,69,15
Johanna Copeland,RI,F,40,579
John Chandler,VA,M,22,1309
John Velez,NY,F,63,381
Johnathan Ramirez,SC,M,57,110
Johnie Whitaker,NC,M,68,224
Johnnie Blankenship,CA,F,65,769
Johnnie Finley,FL,F,49,299
Johnnie Simmons,NJ,M,25,1293
Johnnie Wagner,NC,F,57,204
Johnny Bean,RI,M,64,479
Johnny Sanchez,CO,M,68,310
Johnson Davidson,TX,M,28,150
Jolene Benson,CA,F,75,381
Jolene Clements,TN,F,67,92
Jolene Massey,TX,F,57,30
Jolene McDonald,CA,F,61,319
Jolene Miles,VA,F,42,1120
Jon Boyer,NC,M,34,200
Jon McCormick,CA,M,59,13
Jon Olsen,CO,M,70,20
Jonah Dominguez,CT,M,35,170
Jonah Durham,NJ,M,21,180
Jonas Barrett,LA,M,34,579
Jonas Hunter,LA,M,60,294
Jonathan Clements,TX,M,37,56
Jonathan Delaney,MA,M,72,240
Jonathan Garcia,AZ,M,79,190
Jonathon Barron,AZ,M,69,257
Jonathon Whitley,TX,M,38,252
Joni Hooper,GA,F,24,490
Joni Owens,NY,F,47,404
Jordan Rosales,TN,M,26,117
Jordan Valdez,FL,M,25,40
Jordon Rosa,SC,M,28,217
Jordon Schneider,TX,M,40,852
Jorge Blackwell,VA,M,26,104
Jorge Lawrence,NM,M,48,880
Jorge Levine,NJ,M,50,537
Jose Norton,FL,M,93,172
Jose Robertson,CT,M,36,354
Jose Schroeder,FL,M,78,345
Josef Olsen,FL,M,49,60
Josefa Trevino,MA,F,53,52
Josefina Perry,NC,F,26,253
Joseph Alford,LA,M,51,70
Josephine Ford,AL,F,71,415
Josephine Hart,CO,F,49,145
Josh Lynn,TX,M,47,295
Joshua Hoffman,NJ,M,50,381
Joshua Velasquez,NC,M,49,870
Joshua White,NJ,M,24,60
Josie Baldwin,VA,F,60,274
Josie Bowers,GA,F,52,170
Josie Strong,CA,F,63,138
Jospeh Conway,TX,M,47,529
Jospeh Sargent,TX,M,75,186
Josue Blevins,MA,M,47,479
Josue Morris,FL,M,57,280
Joy Espinoza,OH,F,64,90
Joy Salas,CO,F,71,654
Joy Trujillo,CA,F,57,140
Juan Calhoun,FL,M,69,629
Juan Dickson,FL,M,53,499
Juan McKay,CA,M,61,78
Juan Moody,OH,M,27,110
Juan Perez,VA,M,50,40
Juana Cooper,FL,F,59,60
Juana Thornton,MA,F,45,300
Juanita Clements,CO,F,44,283
Juanita Hebert,TX,F,67,696
Juanita Potter,NC,F,66,20
Judith Rivera,FL,F,46,209
Judson Booker,NC,M,51,13
Judson Knowles,CO,M,59,360
Judson Simmons,AL,M,34,160
Judy Moss,AZ,F,61,1009
Judy Trevino,NC,F,29,180
Jules Lamb,FL,M,81,84
Jules Petersen,CA,M,56,290
Julia Barlow,NC,F,66,38
Julia Petty,TX,F,61,398
Julia Solis,GA,F,67,364
Julianne Hardin,TX,F,82,60
Julianne Mueller,SC,F,51,522
Julianne White,OR,F,61,302
Julie Bird,RI,F,34,204
Julie Travis,TX,F,71,150
Juliet Baker,PA,F,62,419
Juliet Combs,TX,F,59,295
Juliet Duffy,TX,F,33,300
Juliet McIntosh,CA,F,71,160
Julius Black,TX,M,61,45
June Alexander,PA,F,41,1039
June Valentine,GA,F,50,60
Junior McFarland,CA,M,22,986
Justin Edwards,FL,M,61,581
Justin Garza,CT,M,36,380
Justin Rosario,TX,M,48,100
Justine Franks,TX,F,52,40
Justine Reid,CA,F,72,215
Kaitlin Cooke,NJ,F,24,196
Kaitlin Shannon,FL,F,86,250
Kara Hawkins,FL,F,71,170
Kareem Buck,CA,M,73,709
Kareem Payne,VA,M,62,559
Karen Barlow,FL,F,76,240
Karen Neal,NY,F,30,78
Kari Ray,UT,F,40,280
Kari Rosario,CA,F,46,52
Karin Wise,SC,F,61,117
Karl Bird,NY,M,40,350
Karl Cherry,AZ,M,61,296
Karl Coleman,AL,M,63,633
Karla Hendricks,FL,F,89,383
Karyn Bradshaw,AL,F,68,170
Karyn Kane,CA,F,62,580
Karyn Montoya,FL,F,59,125
Kasey Glass,UT,M,39,120
Kasey Vance,GA,F,75,359
Katelyn Fuller,OR,F,35,363
Katelyn Sharpe,NY,F,56,309
Katelyn Summers,CA,F,25,490
Katharine Blanchard,CO,F,27,238
Katherine Flowers,OH,F,73,1240
Katherine Stuart,GA,F,61,127
Katheryn Duffy,GA,F,70,156
Kathie Burns,VA,F,73,924
Kathie Curtis,NY,F,71,99
Kathie Nieves,NY,F,29,13
Kathleen Beach,CO,F,73,104
Kathleen Hayden,TN,F,70,26
Kathleen Saunders,NY,F,25,201
Kathrine Hobbs,RI,F,73,225
Kathrine Moses,NH,F,43,200
Kathrine Reese,CA,F,77,239
Kathrine Roy,NY,F,33,417
Kathy Knox,VA,F,43,210
Katie Butler,NC,F,54,120
Katie McKay,NY,F,44,374
Katina Dejesus,FL,F,53,140
Katina McFarland,TX,F,39,25
Katina Pace,TX,F,49,242
Katina Robinson,LA,F,68,337
Katy Andrews,CO,F,67,379
Katy Hunter,CA,F,73,384
Katy Mitchell,NC,F,35,140
Katy Nash,PA,F,50,120
Kay Arnold,CA,F,73,490
Kay Calderon,NC,F,77,329
Kay Maddox,NY,F,43,198
Kay Whitaker,TX,F,66,220
Kaye Byers,AZ,F,35,91
Kaye Ellison,TX,F,60,494
Kaye Lester,TN,F,67,146
Kaye Richards,GA,F,39,26
Kayla Garrison,UT,F,66,539
Kayla Giles,PA,F,66,137
Kayla Wilkinson,FL,F,72,289
Keith McCarty,GA,M,21,454
Keith Oneil,NY,M,49,10
Kelley Battle,NY,F,44,100
Kelley Craig,NY,M,28,315
Kelley Sears,OH,F,66,200
Kelli Gilliam,TX,F,49,145
Kellie Franks,NJ,F,68,80
Kellie Nichols,NY,F,76,324
Kellie Perez,CO,F,36,633
Kelly Knowles,OH,M,68,624
Kelly Moses,NJ,F,54,343
Kelvin Gardner,AL,M,68,552
Kelvin Riley,PA,M,23,180
Ken Blevins,NC,M,61,166
Ken Hayes,OH,M,57,929
Ken Hines,FL,M,55,130
Ken Johnston,TX,M,61,312
Ken Wise,NY,M,52,196
Kendall Frederick,CO,M,58,320
Kendall Hood,VA,M,36,692
Kendall Slater,TN,M,42,50
Kendra Clay,NY,F,58,213
Kendra Cook,VA,F,32,269
Kendra Haney,WA,F,68,100
Kendra Rollins,TX,F,51,202
Kendrick Vaughan,CA,M,46,110
Keneth Harris,LA,M,22,479
Keneth Sanders,VA,M,22,90
Kenneth Buckner,NJ,M,74,100
Kenneth Simon,MA,M,73,157
Kenneth Wilkins,NH,M,27,30
Kennith Sloan,LA,M,69,186
Kenny Davenport,NJ,M,49,160
Kenny Horne,FL,M,95,225
Kent Bradshaw,AZ,M,82,160
Kent Quinn,FL,M,78,125
Keri Olson,NY,F,59,225
Kermit McMillan,CA,M,20,220
Kerri Mejia,FL,F,74,187
Kerry Burks,TX,M,46,184
Kerry Keith,NC,F,40,296
Kerry McKenzie,MA,M,55,415
Keven Soto,GA,M,46,324
Kevin Dickson,NC,M,63,380
Kevin Trevino,FL,M,60,560
Kim Douglas,FL,M,59,280
Kim Love,TX,M,33,66
Kim Vance,SC,F,34,300
Kimberley Chase,CO,F,72,3
Kimberley Dean,TX,F,81,363
Kimberley Marshall,FL,F,46,424
Kimberley Pena,TX,F,78,533
Kimberly Head,TX,F,43,259
Kimberly Henry,GA,F,40,185
King Green,CO,M,24,870
King Lucas,TX,M,52,764
Kip Dennis,TX,M,41,656
Kip Elliott,TX,M,55,127
Kip McClure,PA,M,42,117
Kirsten Maynard,NY,F,37,240
Korey Chaney,CA,M,29,559
Korey Lane,TX,M,53,274
Kory Henry,NY,M,27,125
Kory Nichols,WA,M,67,473
Kraig Mays,MA,M,54,384
Kris Berry,NC,M,28,609
Kris Byrd,AZ,F,81,17
Kris Carney,FL,F,67,1140
Kris Edwards,NJ,F,31,125
Kris Figueroa,WA,F,48,599
Kris Patrick,NC,M,59,20
Kristen Cross,CT,F,62,225
Kristi Elliott,TX,F,53,71
Kristi Meyer,FL,F,64,65
Kristin Burke,CA,F,62,614
Kristine Cantu,AZ,F,44,13
Kristine Guthrie,CA,F,28,560
Kristine Koch,CA,F,77,136
Kristine Phelps,CT,F,76,197
Kristofer Tate,PA,M,44,632
Kristofer Willis,NH,M,71,80
Kristopher Blankenship,FL,M,47,1789
Kristopher Carson,CA,M,40,20
Kristy Copeland,MA,F,65,299
Kristy Hayes,WA,F,64,78
Kristy Kim,VA,F,68,420
Kristy Padilla,NC,F,46,20
Krystal Horton,TX,F,81,794
Krystal Lynn,OH,F,64,325
Krystal Miller,GA,F,58,509
Krystal Osborne,CO,F,71,879
Krystal Ramirez,CA,F,43,769
Kurt Buck,CT,M,40,175
Kurt Foster,FL,M,84,540
Kurt Salazar,FL,M,54,475
Kurt Santana,NC,M,65,459
Kurtis Fields,NC,M,40,250
Kurtis Jacobs,GA,M,45,225
Kurtis Jacobson,NJ,M,22,265
Kurtis Weber,PA,M,41,160
Kyle McKinney,MA,M,45,831
Lacey Hartman,TX,F,51,439
Lacey Hawkins,CO,F,23,180
Lacey Price,NM,F,50,326
Lacey Simon,CT,F,24,485
Lacy Garcia,TX,F,61,58
Lacy Mullins,CT,M,26,310
Lacy Soto,PA,M,51,60
Ladonna Hoover,NC,F,42,288
Ladonna Meyers,VA,F,33,212
Ladonna Potter,FL,F,51,52
Ladonna Spencer,FL,F,96,180
Lakeisha Dorsey,PA,F,35,180
Lakeisha Roy,MA,F,73,330
Lakisha Hoover,WA,F,54,130
Lakisha Moody,NY,F,75,40
Lakisha Parker,NY,F,64,314
Lakisha Talley,UT,F,73,20
Lamar Bell,FL,M,75,75
Lamar Pena,TX,M,39,512
Lamar Yang,TX,M,77,60
Lamont Bennett,CA,M,26,117
Lamont Collier,PA,M,53,69
Lamont Parks,TX,M,56,709
Lana Anthony,TX,F,53,359
Lana Daniels,FL,F,80,330
Lana Drake,CA,F,59,309
Lana Glass,CA,F,59,226
Lana Leonard,MA,F,30,944
Lana Newton,CA,F,43,91
Landon Flores,NM,M,62,165
Landon Pearson,VA,M,50,404
Landon Taylor,CO,M,51,100
Lane Houston,TX,M,67,185
Lanny Owen,PA,M,21,271
Lanny Payne,WA,M,27,120
Lara Bailey,AL,F,52,329
Larry Chen,LA,M,48,544
Larry Poole,FL,M,62,319
Latasha Garner,CT,F,41,540
Latasha Hardin,AZ,F,54,239
Latisha Franks,SC,F,68,91
Latisha Hunter,LA,F,32,99
Latoya Bass,NY,F,28,423
Laurel Barron,SC,F,61,158
Laurel Cross,CT,F,32,60
Laurel Hammond,RI,F,57,38
Lauren Daniel,FL,F,51,210
Lauren Dennis,NY,F,48,339
Lauren Farmer,TX,F,59,313
Lauren Gross,FL,F,49,56
Lauren Marks,MA,F,60,221
Lauren Weeks,NC,F,36,642
Laurence Gregory,VA,M,54,117
Laurence Hernandez,PA,M,46,86
Laurence Rose,TX,M,57,84
Laurence Travis,CO,M,22,145
Lauri Montgomery,MA,F,56,45
Laurie Morgan,LA,F,32,166
Lavern Ball,CA,M,63,117
Laverne Beach,LA,F,64,859
Laverne Oneill,CO,M,33,190
Lavonne Holman,NC,F,45,369
Lawanda Clements,TN,F,64,269
Lawanda Massey,VA,F,45,459
Lawanda Wolf,NY,F,69,200
Lazaro Byers,CO,M,37,283
Lazaro Carr,MA,M,42,307
Lazaro Chapman,NC,M,55,379
Lea Rush,AZ,F,49,224
Leah Keith,VA,F,68,451
Leann Larsen,SC,F,49,320
Leann Patterson,GA,F,40,348
Leanna Ferrell,FL,F,53,399
Leanna McLaughlin,FL,F,66,173
Leanna Rice,CA,F,50,170
Leanne Orr,FL,F,84,379
Leanne Wells,NH,F,25,799
Lee Barron,PA,F,68,279
Lee Benson,NY,M,62,90
Lee Green,TX,F,41,631
Lee Harrison,FL,F,86,164
Lee Kerr,TX,M,41,469
Lee Ortiz,NC,M,73,113
Lee Sanchez,CT,F,44,65
Leif Hunt,FL,M,74,168
Leigh Beck,WA,M,25,405
Leigh Glenn,FL,F,35,490
Leigh Small,FL,F,67,250
Leigh Vincent,NY,M,30,540
Leila Barker,CT,F,65,70
Leila Franco,CA,F,50,329
Leila Harrison,NJ,F,33,1238
Leila Hull,NJ,F,59,120
Leila Justice,PA,F,52,100
Lela Carney,CO,F,51,225
Lela Houston,FL,F,47,78
Lela Weaver,GA,F,45,284
Leland Hickman,PA,M,54,380
Leland Kinney,CA,M,27,117
Lelia McKenzie,NY,F,49,504
Len Nixon,NY,M,39,381
Len Salinas,NY,M,54,85
Lena Dodson,NC,F,34,194
Lena Farrell,CT,F,34,279
Lena Moon,TX,F,47,280
Lena Waters,NJ,F,27,140
Lenard Hood,CA,M,68,90
Lenard Walter,TX,M,71,210
Lenny Cooke,GA,M,42,22
Lenny Hyde,NC,M,48,60
Lenora Ferrell,FL,F,71,170
Lenora Lindsey,TX,F,74,95
Lenora Potts,TX,F,67,90
Lenora Rhodes,FL,F,50,200
Lenore Anthony,TX,F,69,117
Lenore Kline,FL,F,93,599
Leo Cruz,CO,M,24,150
Leo Raymond,GA,M,22,191
Leola Bruce,NY,F,35,413
Leola Pierce,FL,F,57,100
Leon Cervantes,FL,M,62,265
Leon Clay,AZ,M,60,514
Leon Schroeder,GA,M,64,1232
Leona Marquez,CA,F,59,283
Leona Nolan,VA,F,27,340
Leona Ortiz,AL,F,47,28
Leona Talley,FL,F,69,72
Leonard Klein,CO,M,23,112
Leonard Potts,TX,M,36,52
Leonard Warren,GA,M,22,289
Leonardo Cobb,FL,M,43,50
Leonel Alford,VA,M,60,671
Leonel Buckley,CA,M,29,259
Leonor Boone,NC,F,73,489
Leopoldo McCall,FL,M,47,110
Leroy Carr,OH,M,49,284
Leroy Marquez,MA,M,36,65
Leroy Riggs,CT,M,51,1500
Les Dalton,VA,M,57,180
Les Santiago,NY,M,46,396
Lesa Hobbs,TX,F,83,149
Lesa Rivers,GA,F,59,91
Lesley Atkins,TN,F,51,453
Lesley Rhodes,NC,F,46,911
Leslie Calderon,TX,F,81,314
Leslie Irwin,FL,F,48,255
Leslie Macias,TX,M,80,240
Leslie Ray,CA,F,28,367
Leslie Romero,NJ,M,36,65
Leslie Stephens,GA,F,63,20
Lessie Ayala,FL,F,46,413
Lessie Sears,GA,F,54,200
Lester Murphy,VA,M,26,299
Leta Coleman,VA,F,48,393
Leta Massey,SC,F,66,22
Letha Dominguez,CO,F,49,221
Letha Moody,NY,F,51,40
Letha Nunez,TX,F,38,424
Letha Owens,NC,F,49,800
Leticia Huber,OH,F,60,28
Leticia Kennedy,NH,F,52,420
Levi Clark,PA,M,65,709
Levi Levy,FL,M,86,78
Levi Roy,NY,M,60,407
Lidia Molina,NY,F,71,258
Lidia Pace,CO,F,26,849
Lidia Phelps,FL,F,61,469
Lila Jones,TX,F,44,570
Lila Walton,OH,F,61,168
Lila Workman,TX,F,50,351
Lilia Livingston,VA,F,60,509
Lilia May,CA,F,34,25
Lilia McKee,GA,F,51,28
Lilian Elliott,PA,F,77,529
Lillie Hudson,TN,F,74,270
Lillie Orr,NY,F,41,247
Lillie Parrish,AL,F,66,630
Lilly Cruz,FL,F,91,185
Lincoln Carlson,CA,M,24,100
Lincoln Rodriguez,MA,M,71,128
Linda Wilkinson,TX,F,33,370
Lindsay Hewitt,FL,F,63,503
Lindsay Mills,TX,F,57,345
Lindsey Schneider,MA,M,34,120
Lino Anthony,MA,M,73,317
Lino Boyer,FL,M,57,197
Lisa Cox,CA,F,72,794
Lisa Johnston,CT,F,76,45
Lisa Mercer,TN,F,45,181
Liz Collier,CA,F,72,238
Liz Doyle,CO,F,35,479
Liz Emerson,NC,F,37,10
Liz Ortiz,OH,F,43,417
Liza Camacho,TX,F,59,60
Lizzie Cohen,NC,F,26,132
Lizzie Fuller,VA,F,25,113
Lloyd Ramos,CA,M,61,400
Lola Espinoza,VA,F,24,729
Lola Olson,NY,F,68,699
Lola Park,WA,F,43,573
Lola Watson,CT,F,42,251
Lolita McPherson,NC,F,24,1240
Lolita Pittman,SC,F,27,1420
Lon Johnston,CA,M,44,240
Lon Morton,UT,M,49,129
Lon Tyson,NC,M,31,240
Long Gordon,SC,M,55,125
Long Hester,FL,M,76,399
Long Hobbs,CA,M,69,389
Long Roberson,TX,M,61,179
Lonnie Rollins,TX,M,71,270
Lora Carver,NM,F,72,91
Lora Holloway,TX,F,80,345
Lora Melton,FL,F,64,745
Lora Todd,FL,F,87,455
Loraine Copeland,FL,F,86,20
Loraine Sampson,CA,F,30,490
Loren Bartlett,GA,M,21,15
Loren Clayton,CA,M,42,180
Loren Cross,NM,M,55,155
Lorene Atkins,VA,F,43,140
Lorene Lamb,NY,F,24,416
Loretta Brennan,NY,F,33,813
Loretta Maxwell,CA,F,67,379
Lori Petty,LA,F,29,180
Lori Small,FL,F,62,560
Lorna Boyd,VA,F,45,1030
Lorna Mooney,WA,F,61,30
Lorna Watson,TX,F,57,787
Lorraine Blake,TX,F,79,694
Lorraine Lewis,VA,F,52,13
Lorrie Moses,CA,F,26,449
Lou Berger,NH,F,54,646
Lou Charles,VA,F,32,871
Lou Ferguson,NJ,F,54,630
Lou Hewitt,TX,F,45,91
Lou Jenkins,CA,M,67,1105
Lou King,NC,M,71,39
Lou Randall,TX,F,74,80
Lou Tyler,WA,M,43,110
Lou York,AZ,M,43,430
Louella Melton,CA,F,52,180
Louella Owen,NC,F,31,140
Louella Richard,GA,F,60,313
Louie Graham,TX,M,71,120
Louis Douglas,CA,M,52,329
Louisa Acosta,FL,F,97,100
Louisa Patterson,CA,F,29,28
Louise Bean,NH,F,24,403
Louise Blair,VA,F,42,50
Louise Bonner,CO,F,44,616
Louise Santana,TX,F,82,13
Louise Webb,AL,F,39,299
Lourdes Goodman,LA,F,41,227
Lowell Barr,UT,M,52,771
Lowell Carson,FL,M,60,435
Lowell Cortez,NC,M,44,339
Lowell Park,LA,M,28,406
Luann Diaz,CT,F,24,85
Luann Franks,FL,F,62,450
Lucas Parrish,OR,M,39,98
Lucas Powell,AL,M,53,303
Lucia Morton,GA,F,54,180
Lucia Trujillo,LA,F,75,175
Luciano Barry,OH,M,42,40
Luciano Crane,CT,M,23,1251
Luciano Gould,CO,M,65,330
Luciano Walton,TX,M,75,305
Lucien Beach,TN,M,26,150
Lucien Torres,VA,M,38,124
Lucile Bray,PA,F,63,342
Lucile McFadden,GA,F,47,556
Lucile Waters,NY,F,70,644
Lucio Delgado,PA,M,23,1100
Lucio Mercado,MA,M,72,181
Lucio Molina,CT,M,21,449
Lucio Mueller,FL,M,88,420
Lucio William,CT,M,45,78
Lucius Cross,PA,M,35,135
Lucy Barrett,NY,F,47,262
Lucy Chapman,TX,F,31,175
Lucy Clark,FL,F,68,290
Lucy Vang,TN,F,25,120
Lucy Wood,NC,F,48,776
Luis Burton,TN,M,22,904
Luis Clayton,CT,M,67,60
Luisa Deleon,VA,F,63,91
Luisa Griffin,CA,F,68,100
Luke Battle,OR,M,66,412
Luke Cervantes,FL,M,91,117
Luke Forbes,AZ,M,38,231
Lula Solomon,VA,F,61,317
Lupe Rosales,WA,M,27,26
Lupe Sweet,NC,F,25,207
Luther Dickson,FL,M,95,355
Luz Berg,CA,F,54,117
Luz Gray,VA,F,39,664
Luz Hodges,NC,F,32,150
Luz Thompson,CA,F,62,60
Lydia Blackburn,CO,F,53,22
Lyle Cotton,GA,M,62,112
Lyle Harvey,PA,M,58,130
Lyman Mosley,FL,M,75,60
Lyman Murray,LA,M,50,315
Lyman Rogers,WA,M,62,417
Lynda Christian,TX,F,35,586
Lyndon Hunt,NM,M,53,200
Lynette Hester,CO,F,68,140
Lynette Moon,WA,F,47,287
Lynette Rivers,GA,F,44,205
Lynn Castro,TX,M,50,130
Lynn Cunningham,FL,F,74,339
Lynne Garcia,FL,F,61,383
Lynwood Golden,FL,M,80,599
Mabel Blake,NC,F,43,171
Mabel Conrad,OH,F,48,460
Mable Beach,PA,F,59,359
Mable Evans,CA,F,32,250
Mable Frye,UT,F,35,304
Mac Bates,GA,M,27,234
Mac Miranda,GA,M,37,262
Mack McKay,UT,M,54,179
Mack Mejia,TX,M,31,78
Mack Sargent,NY,M,58,33
Madeleine Becker,PA,F,26,105
Madeline Allen,FL,F,97,163
Madelyn Harmon,NJ,F,45,157
Madelyn Harrington,GA,F,28,40
Madelyn McConnell,GA,F,51,506
Madge Bush,NJ,F,28,491
Mae Buchanan,PA,F,71,200
Magdalena Barrera,WA,F,43,80
Magdalena Kelly,CA,F,66,120
Magdalena Olsen,OH,F,38,289
Maggie Gibson,CA,F,60,200
Maggie Haley,TX,F,67,100
Maggie Maldonado,UT,F,74,20
Mai Bentley,NH,F,72,30
Mai Gay,NC,F,52,568
Mai Hawkins,WA,F,56,317
Mai Woods,RI,F,46,305
Major Berry,NY,M,64,200
Major Bonner,TX,M,32,140
Malcolm Rich,NY,M,23,799
Malcom Finch,OR,M,32,138
Malcom Potts,TX,M,35,160
Malcom Woods,TX,M,74,75
Malik Brewer,LA,M,24,467
Malik Howe,NM,M,41,400
Malinda Dickerson,NY,F,66,352
Malinda Kemp,TX,F,84,136
Mallory Finch,FL,F,79,117
Mallory Flowers,WA,F,75,58
Mallory Hensley,NY,F,57,91
Mallory Lee,CO,F,70,794
Mallory Nash,PA,F,66,140
Mamie Parsons,NY,F,50,489
Mamie Wells,CO,F,38,529
Man Adams,SC,M,39,88
Man OConnor,CA,M,66,420
Mandy Green,TX,F,32,210
Mandy McGee,CA,F,74,134
Mandy Sweet,AZ,F,51,267
Manual Wilkinson,NJ,M,69,105
Manuel Walter,CA,M,44,184
Manuela Britt,VA,F,63,779
Manuela Sellers,NY,F,38,150
Marc Holman,TX,M,56,65
Marcel Contreras,NY,M,56,199
Marcel Hines,WA,M,39,20
Marcel Meadows,CA,M,36,95
Marcelino Jarvis,TX,M,40,366
Marcella Skinner,CA,F,27,20
Marcella Solomon,TX,F,42,231
Marcelo Collins,CO,M,44,815
Marcelo Humphrey,AZ,M,49,10
Marcelo Jefferson,TX,M,30,131
Marci Dickerson,RI,F,53,401
Marcia Castillo,SC,F,24,170
Marcia McIntosh,NC,F,72,1153
Marcie Barr,NC,F,47,40
Marcie Mercado,CT,F,47,135
Marco Osborn,NM,M,38,250
Marcos Barker,LA,M,49,150
Marcos Munoz,MA,M,58,70
Marcos Powell,TX,M,54,90
Marcus Carver,FL,M,36,386
Marcus Hunter,VA,M,70,180
Margaret Huffman,NC,F,24,80
Margaret Preston,MA,F,30,255
Margaret Summers,AZ,F,82,317
Margaret White,NY,F,63,164
Margarita Chase,MA,F,25,15
Margarita Cook,CA,F,26,140
Margarita Trevino,FL,F,53,330
Margie Booth,NY,F,51,146
Margie Witt,WA,F,42,140
Margo Hyde,AL,F,57,70
Margo Kirkland,AZ,F,38,464
Margo Roy,VA,F,58,202
Margret Calderon,AZ,F,50,50
Margret Dunn,CT,F,62,22
Margret Ellison,NY,F,28,145
Margret Santos,NC,F,37,120
Marguerite Floyd,CA,F,60,339
Marguerite Frost,NY,F,54,262
Marguerite Jensen,CT,F,40,26
Mari Terry,NC,F,65,163
Maria Dillon,CA,M,27,198
Maria Lara,CA,M,35,190
Maria Reyes,FL,M,42,344
Maria Tran,OR,M,25,40
Mariana Decker,GA,F,35,355
Mariana Hendricks,AZ,F,73,305
Mariana Maynard,SC,F,56,160
Mariana Watkins,CA,F,31,150
Mariana William,OH,F,58,1549
Marianne Quinn,FL,F,56,160
Mariano Andrews,FL,M,52,290
Mariano Pacheco,CO,M,30,172
Maribel Donovan,TX,F,72,133
Maricela Burch,MA,F,42,325
Maricela West,NY,F,58,616
Marie Cortez,CT,F,74,65
Marie Kerr,NC,F,27,490
Marietta Petersen,NC,F,51,5
Marilyn White,CT,F,67,120
Marina Davis,CA,F,37,1180
Marina Pennington,OH,F,59,100
Mario Hanson,NM,M,41,490
Marion Palmer,GA,F,35,160
Marion Roberts,FL,F,97,80
Marisa Serrano,NC,F,66,180
Marisol Cohen,NY,F,44,81
Marissa Padilla,GA,F,76,335
Marissa Walsh,FL,F,76,180
Maritza Vaughan,VA,F,29,80
Marjorie Luna,AL,F,64,82
Mark Cameron,GA,M,67,120
Markus Ware,FL,M,82,410
Marla House,OR,F,76,110
Marlene Mann,TX,F,64,329
Marlene Randall,NY,F,34,180
Marlin Knowles,CO,M,47,177
Marlon Griffin,CO,M,26,175
Marquis Blair,TN,M,34,259
Marquis Franklin,VA,M,25,299
Marquita Davis,WA,F,49,60
Marquita Holland,NY,F,30,20
Marsha Barnett,TX,F,56,304
Marshall Pace,MA,M,46,240
Marta Daugherty,VA,F,69,150
Marta Hewitt,NH,F,68,210
Marta Valdez,OH,F,30,160
Martha Lindsey,CA,F,75,1509
Martin Aguilar,VA,M,31,110
Martin Fitzpatrick,TX,M,30,205
Martin Sandoval,TN,M,45,314
Martina Sellers,NC,F,42,96
Martina Wynn,NJ,F,77,741
Marty Chapman,FL,M,75,200
Marty Macias,TX,M,49,211
Marty Rocha,FL,M,72,239
Marvin Love,AL,M,72,544
Mary Kent,LA,M,39,670
Mary Mathis,FL,M,80,516
Mary McIntosh,FL,F,51,751
Mary Olson,NC,M,40,1050
Mary Whitney,FL,M,54,219
Maryann Chase,OH,F,42,591
Maryann Harrell,AZ,F,68,30
Maryann Pugh,NY,F,38,30
Maryann Robbins,CA,F,36,910
Maryanne Delaney,GA,F,55,120
Maryanne Harrell,CO,F,53,290
Maryanne Huff,NY,F,60,200
Maryanne Vargas,TX,F,37,389
Maryellen Farmer,GA,F,59,383
Maryellen Frazier,LA,F,53,100
Maryellen Mayer,TX,F,54,60
Maryellen Savage,GA,F,63,599
Maryellen Walters,GA,F,46,70
Marylou Hines,NH,F,38,452
Marylou Rhodes,GA,F,62,639
Mason Hartman,TX,M,72,117
Mason Willis,NY,M,34,277
Matilda McCray,FL,F,66,160
Matilda Ochoa,NY,F,73,150
Matt House,VA,M,45,78
Matt Whitfield,FL,M,78,164
Matthew Callahan,NC,M,63,100
Matthew Kemp,GA,M,46,155
Matthew Wilcox,NY,M,35,120
Mattie Hutchinson,TX,F,44,52
Mattie Little,FL,F,59,884
Maude Barnes,VA,F,77,100
Maude Rasmussen,TX,F,76,560
Maude Tran,TX,F,45,359
Maureen Flores,CA,F,40,354
Maureen Odonnell,AL,F,64,733
Maureen York,OR,F,36,634
Maurice Sykes,CA,M,74,210
Max Fulton,NY,M,21,307
Maximo Cummings,FL,M,61,193
Maximo Durham,AZ,M,61,329
Maximo Stephens,FL,M,65,344
Maxine Dejesus,NY,F,54,243
Maxine Zamora,CO,F,35,20
May Beasley,AZ,F,67,140
Maynard Bishop,TX,M,67,120
Maynard Dale,TX,M,46,409
Mayra Cummings,GA,F,28,238
Mayra Giles,GA,F,51,195
Mayra Spencer,NH,F,73,169
Mckinley Franklin,PA,M,21,188
Mckinley Goodman,NH,M,72,233
Mckinley Hyde,FL,M,59,339
Meagan Pitts,VA,F,28,420
Meagan Watson,FL,F,78,590
Megan Dennis,CA,F,71,700
Megan Franco,OH,F,34,561
Megan Jefferson,NM,F,78,539
Meghan Finley,NC,F,66,67
Mel Burch,NJ,M,60,519
Mel Chavez,FL,M,47,345
Mel Copeland,PA,M,68,10
Mel Hanson,FL,M,83,239
Mel Joyce,PA,M,38,1099
Melanie Rose,TX,F,52,583
Melanie Terrell,CO,F,38,106
Melinda Hughes,NC,F,64,142
Melinda Sanford,PA,F,52,665
Melinda Stanley,NY,F,74,20
Melisa Warner,CA,F,58,26
Melissa McLeod,FL,F,52,249
Melissa Summers,CO,F,72,789
Melissa Whitfield,GA,F,54,289
Melody Murphy,MA,F,60,500
Melva David,TX,F,79,220
Melva Green,LA,F,49,290
Melva Marshall,CA,F,72,203
Melva Wilkinson,NJ,F,74,369
Mercedes Dickerson,CA,F,34,739
Mercedes Giles,VA,F,63,403
Mercedes Pennington,TX,F,65,814
Mercedes Reid,FL,F,64,246
Mercedes Sanders,CA,F,76,279
Meredith Marsh,FL,F,58,790
Meredith Page,SC,F,61,66
Merle Battle,NC,F,75,180
Merle Brady,CO,M,34,184
Merle Bright,FL,F,75,100
Merle Cervantes,TN,F,74,338
Merle Hale,NY,F,38,140
Merle Hubbard,AL,M,55,323
Merle Velazquez,CO,F,39,160
Merlin Shaw,VA,M,47,303
Merrill Hardy,NY,M,20,140
Mervin Hardin,NC,M,60,78
Mervin Sharpe,TX,M,74,739
Mia Little,NC,F,52,1016
Mia Maldonado,NC,F,73,20
Mia Meadows,FL,F,80,539
Mia Ware,FL,F,94,125
Michael Cannon,TX,M,43,216
Michael McKee,FL,F,53,78
Michael Morales,NM,M,81,123
Michael Reyes,AZ,M,47,60
Michael Saunders,MA,M,22,569
Michale Santana,GA,M,74,539
Michale Strickland,LA,M,51,234
Micheal Hendrix,MA,M,62,320
Micheal Strong,NM,M,82,560
Michel Hamilton,TX,M,38,289
Michele Rose,MA,F,65,20
Mickey Higgins,WA,M,35,329
Miguel Faulkner,VA,M,42,200
Miguel Flowers,CA,M,52,44
Miguel Wilcox,PA,M,44,30
Mike Galloway,CO,M,73,78
Mike Wooten,OR,M,22,781
Mikel Hensley,TX,M,54,176
Milagros Carroll,CA,F,46,225
Milagros Castro,FL,F,51,387
Milan Conway,WA,M,50,649
Milan Gaines,NH,M,39,384
Mildred Ellis,NY,F,77,452
Mildred Figueroa,TX,F,82,232
Mildred Langley,NY,F,43,168
Miles Becker,LA,M,53,190
Miles Carney,FL,M,65,130
Miles Ross,UT,M,35,60
Miles Sellers,UT,M,37,230
Milford English,CT,M,70,630
Millard Finch,TN,M,60,45
Millard Greer,NJ,M,30,719
Millicent Marquez,MA,F,37,99
Milo Gregory,NC,M,73,519
Milo Hunt,NC,M,31,327
Milton Holloway,OR,M,40,150
Milton Marsh,FL,M,69,15
Milton Ramsey,TX,M,68,180
Mindy Guerrero,NY,F,71,427
Mindy Rush,CT,F,24,1180
Minh Marquez,TX,M,37,98
Minnie Maxwell,GA,F,46,60
Minnie Rowland,FL,F,79,915
Miquel Haley,CO,M,39,360
Miranda Estes,NY,F,39,168
Miriam Drake,FL,F,63,44
Misty Zamora,VA,F,41,411
Mitch Cobb,FL,M,76,474
Mitch Floyd,TN,M,34,105
Mitch Rosario,NY,M,30,100
Mitchel Glass,NC,M,54,208
Mitchell Sims,FL,M,77,209
Mitzi Duran,CO,F,75,30
Mitzi Hickman,TN,F,64,160
Mitzi McCoy,TX,F,42,5
Mitzi Thomas,CT,F,50,75
Mitzi Woodard,FL,F,96,164
Modesto Huffman,PA,M,44,560
Mohammad Ramsey,TX,M,71,709
Mohammad Singleton,NY,M,72,150
Mohammad Wise,FL,M,50,524
Mohammed Peck,UT,M,68,429
Mohammed Rogers,CA,M,71,176
Mohammed Stephenson,TX,M,57,25
Moises Gregory,AL,M,26,553
Moises Terrell,CT,M,46,193
Mollie Sweet,VA,F,61,143
Molly Cross,TX,F,55,218
Mona Flowers,TX,F,81,519
Mona Huff,MA,F,36,100
Mona Middleton,FL,F,69,329
Monica Jimenez,LA,F,54,26
Monica Kelley,OH,F,24,759
Monica Nielsen,TX,F,71,225
Monique Branch,AL,F,58,160
Monroe Mathis,CT,M,42,65
Monte Frederick,TX,M,57,697
Monte Roberson,TX,M,35,240
Morgan Barrera,NJ,F,64,144
Morgan Hardy,NY,F,56,949
Morgan Wade,VA,F,30,169
Morris Sears,AL,M,35,388
Mose Cummings,CT,M,44,303
Moses Bell,NJ,M,58,453
Moshe Grimes,GA,M,63,428
Moshe McGee,LA,M,69,120
Moshe Mendoza,PA,M,41,289
Moshe Wells,CO,M,37,20
Muriel Kaufman,AL,F,51,412
Muriel Sherman,NY,F,37,362
Murray Hunter,CO,M,72,91
Murray Rivera,CO,M,24,206
Myra Phelps,LA,F,73,252
Myrna Henson,TX,F,38,915
Myrna Snow,GA,F,51,629
Myrna White,WA,F,24,229
Myron Edwards,CA,M,31,244
Myron Hancock,SC,M,26,140
Myron Romero,AZ,M,46,60
Myron Rowland,VA,M,51,280
Nadia Hall,AZ,F,88,576
Nadia Reyes,SC,F,40,454
Nadia Rosales,VA,F,30,140
Nadia Weeks,VA,F,24,100
Nadine Kline,CA,F,68,284
Nadine Pollard,UT,F,62,231
Nancy Ray,CA,F,37,159
Nanette Kennedy,TX,F,46,674
Nanette Reeves,CA,F,62,414
Nanette Whitaker,TX,F,56,480
Nannie Butler,NY,F,52,100
Naomi Fulton,NC,F,74,180
Naomi Keller,AL,F,33,130
Naomi Lowery,NC,F,35,435
Naomi McPherson,NC,F,58,40
Naomi Vang,CA,F,47,205
Napoleon Washington,FL,M,25,100
Natalia Deleon,NJ,F,76,1135
Natalia Sanchez,NY,F,54,140
Natasha Erickson,FL,F,51,40
Natasha Frost,FL,F,56,17
Natasha Rutledge,AZ,F,42,125
Nathan Santiago,WA,M,73,293
Nathanael Camacho,VA,M,71,959
Nathanael Gibbs,TX,M,55,53
Nathanael Huff,FL,M,54,613
Nathanael Phelps,NJ,M,36,434
Nathanael Simmons,NH,M,67,719
Nathanial Day,CA,M,60,113
Nathaniel Bowen,GA,M,35,60
Nathaniel Dickson,CO,M,65,150
Nathaniel Hancock,TN,M,69,447
Nathaniel Weaver,NH,M,33,198
Neal Campbell,GA,M,38,239
Neal Cardenas,TX,M,47,217
Neal Craig,PA,M,60,185
Neal Gray,NY,M,25,596
Ned Sosa,MA,M,58,140
Neil Miller,NH,M,63,434
Nelda Bonner,PA,F,64,40
Nelda Richards,CT,F,69,235
Nell Chapman,CA,F,39,203
Nell Dejesus,CA,F,34,26
Nell Stone,FL,F,98,120
Nellie Rollins,VA,F,62,411
Nestor Riley,VA,M,42,120
Nettie Chen,NH,F,25,260
Neva Ellis,PA,F,45,209
Neva Middleton,CO,F,66,104
Neva Navarro,TX,F,46,120
Neville Paul,TX,M,52,109
Neville Snider,TX,M,33,390
Newton Fox,NC,M,46,275
Newton Klein,MA,M,61,1190
Newton McKinney,VA,M,59,120
Newton Morris,LA,M,22,60
Newton Norman,VA,M,66,630
Newton Silva,NY,M,55,210
Newton Tyson,AZ,M,75,369
Newton Webb,TX,M,43,120
Nicholas Atkins,NH,M,33,270
Nichole Bonner,SC,F,48,165
Nichole Coleman,FL,F,64,585
Nick Christensen,FL,M,92,1140
Nick Gay,AL,M,56,251
Nickolas Clay,CA,M,35,52
Nickolas Hebert,CO,M,32,469
Nicole Marks,LA,F,24,120
Nicole McClain,TX,F,53,39
Nigel McDaniel,NC,M,44,60
Nikki Valdez,RI,F,40,1019
Nita Clay,NJ,F,52,359
Nita Copeland,VA,F,61,385
Nita Hampton,FL,F,89,139
Noe Hays,PA,M,24,110
Noel McFarland,FL,M,95,170
Noel Rush,NC,M,67,289
Noelle Eaton,CO,F,46,100
Noelle Hale,NJ,F,43,386
Noelle Stanton,TX,F,34,91
Noemi Head,TN,F,70,133
Noemi Merritt,TN,F,72,374
Noemi Nolan,TX,F,77,43
Nola Lowe,NJ,F,47,643
Norberto Dixon,FL,M,78,170
Norberto Hawkins,OR,M,53,366
Noreen Ellison,GA,F,60,65
Noreen Miller,WA,F,63,13
Noreen Walsh,NM,F,78,57
Norman Bernard,VA,M,23,40
Norman Russell,WA,M,23,60
Normand Murphy,WA,M,43,225
Norris Carroll,OH,M,31,60
Norris McMillan,VA,M,35,150
Norris Woodard,PA,M,44,132
Numbers White,GA,M,74,80
Odell Parks,FL,M,78,389
Odessa Sims,NC,F,69,1000
Odessa Terry,NM,F,59,232
Odis Knight,UT,M,63,199
Odis Mejia,TN,M,36,242
Ofelia Chase,VA,F,28,299
Olen Becker,NC,M,66,394
Olen McClain,NM,M,55,193
Olga Sharp,NM,F,78,196
Olin Blackburn,FL,M,61,559
Olin England,CO,M,32,112
Olin England,TX,M,64,332
Olin Gilbert,NC,M,72,130
Olive Baxter,FL,F,49,168
Olive Fowler,CA,F,73,87
Olive Parks,LA,F,59,719
Olive Reynolds,PA,F,77,1100
Olive Rodgers,TN,F,76,99
Oliver May,GA,M,21,280
Oliver Rowe,VA,M,38,232
Olivia Beck,TX,F,78,855
Ollie Hess,GA,M,49,335
Ollie Lloyd,AL,F,50,120
Ollie Rowe,CA,M,53,40
Omer Castro,NY,M,34,249
Omer Frost,AL,M,44,52
Opal Burnett,NY,F,60,133
Opal Dunlap,CA,F,72,160
Ophelia Franklin,NC,F,32,630
Ora Warren,SC,F,29,727
Oren Contreras,AL,M,64,1060
Orval Paul,FL,M,92,329
Oscar Hendricks,FL,M,69,90
Osvaldo Farley,PA,M,62,758
Oswaldo Grant,NC,M,67,779
Oswaldo Shepard,NY,M,56,150
Otha Benson,GA,M,39,609
Otis Carroll,GA,M,36,739
Otis Hess,SC,M,63,145
Otis Koch,PA,M,74,490
Otto Hale,NY,M,45,230
Otto Heath,PA,M,23,75
Otto Lang,PA,M,59,479
Owen Levy,FL,M,52,148
Pablo Barry,CT,M,73,45
Pablo Jefferson,FL,M,63,112
Pablo Whitley,FL,M,82,1171
Paige Irwin,NC,F,77,140
Paige Sanchez,NY,F,53,136
Paige Whitney,TX,F,53,100
Palmer Gentry,TX,M,34,630
Pam Butler,FL,F,94,160
Pam Logan,FL,F,60,104
Pam Lowe,NH,F,57,177
Pamela Middleton,NC,F,43,277
Pansy Battle,NM,F,33,123
Pansy Bonner,OH,F,58,939
Pansy McCoy,CA,F,36,217
Paris Cabrera,AZ,M,55,90
Parker Phillips,AL,M,71,178
Parker Valencia,TX,M,39,340
Pasquale Ellison,SC,M,69,140
Pasquale Henry,NC,M,50,25
Pasquale Hoover,WA,M,56,359
Pasquale Patterson,GA,M,73,280
Pat Crosby,GA,M,51,198
Pat Henry,AL,F,57,367
Pat Morin,TX,M,37,500
Pat Phillips,TX,M,41,234
Patrica Dickerson,GA,F,31,560
Patrica Warren,TX,F,43,275
Patrice Combs,CT,F,35,225
Patrice Dunlap,TX,F,71,501
Patricia Bolton,TX,F,56,346
Patricia Christensen,NY,F,48,65
Patricia Hernandez,LA,M,23,90
Patricia Sosa,CA,M,63,229
Patrick OBrien,FL,M,87,78
Patrick Strong,TX,M,54,429
Patsy Morin,FL,F,64,100
Patti Fischer,VA,F,60,649
Patty Cotton,NC,F,43,185
Patty Hogan,GA,F,28,174
Patty McCall,TX,F,83,964
Patty Short,PA,F,28,28
Patty Suarez,FL,F,46,394
Patty Wilkerson,MA,F,71,331
Patty Woodward,FL,F,86,164
Paul Bryant,AZ,M,39,485
Paul Duran,NJ,M,34,100
Paul Franco,FL,M,51,260
Paul Petty,GA,M,70,91
Paul Stout,GA,M,70,398
Paula Lang,TX,F,42,77
Paula Lopez,TX,F,72,359
Paula Shepard,NY,F,30,39
Paula Vazquez,PA,F,75,210
Paulette Fitzpatrick,TX,F,59,78
Paulette Glenn,AZ,F,37,449
Pauline Bridges,FL,F,84,129
Pauline Potter,TX,F,42,120
Pearl Hoffman,NY,F,70,311
Pearl Shannon,VA,F,61,630
Pearlie Bradford,FL,F,86,52
Pedro Drake,TX,M,46,91
Pedro Goodman,VA,M,69,739
Pedro McCarthy,GA,M,31,224
Peggy Daugherty,CT,F,67,479
Peggy Horton,FL,F,62,227
Penelope Shields,FL,F,98,260
Percy Jennings,FL,M,79,39
Percy Melendez,OH,M,27,900
Perry Beard,NC,M,39,676
Perry Booth,CO,M,49,279
Perry Parrish,AZ,M,49,469
Pete Carr,NJ,M,47,54
Pete McIntosh,AZ,M,47,360
Pete Stewart,FL,M,43,180
Petra Pierce,TX,F,72,445
Petra Robles,PA,F,75,284
Phil Hendricks,CT,M,45,28
Philip May,CA,M,21,125
Phillip Travis,NC,M,63,219
Phoebe Hunter,AL,F,46,362
Phoebe Ortega,FL,F,47,154
Phoebe Rush,FL,F,77,13
Phoebe Santos,TX,F,50,53
Phoebe Vincent,CA,F,39,60
Phyllis Potter,NJ,F,43,252
Pierre Foley,CO,M,55,400
Polly Carson,CT,F,54,46
Polly Rich,LA,F,71,117
Polly Valenzuela,GA,F,32,240
Polly Watkins,FL,F,48,120
Porfirio Fields,GA,M,22,197
Porfirio Ford,NH,M,67,479
Porfirio Powers,CT,M,27,125
Porfirio Sargent,TX,M,42,40
Porter Marks,GA,M,70,140
Porter May,NC,M,55,379
Porter Randall,CA,M,56,289
Preston Weiss,NY,M,53,270
Preston Wilkinson,TX,M,58,252
Prince Alford,TN,M,21,22
Prince Santos,TX,M,62,75
Priscilla Marshall,CA,F,24,747
Queen James,CT,F,75,269
Queen Wade,CT,F,37,104
Quentin Nelson,FL,M,93,160
Quincy Fry,TX,M,32,669
Quincy Petersen,FL,M,56,1270
Quincy Wallace,AL,M,43,581
Quintin Barrett,TN,M,27,180
Quintin Hoover,NH,M,74,1112
Quintin Sweet,FL,M,62,130
Rachael Cruz,CA,F,60,249
Rachael Glover,TN,F,44,154
Rachael Greene,NC,F,41,449
Rachel Holloway,TX,F,62,835
Rachel OBrien,CO,F,51,400
Rachel Stephenson,TX,F,34,449
Rae Lindsay,FL,F,61,500
Rae Wade,CA,F,68,22
Raleigh McFadden,NM,M,61,366
Raleigh Vasquez,FL,M,61,117
Raleigh Weeks,LA,M,29,229
Ralph Glenn,PA,M,67,117
Ralph Goff,GA,M,72,340
Ralph Peck,NY,M,37,1239
Ramiro Dillon,NC,M,57,239
Ramiro Randolph,GA,M,42,513
Ramon Gates,NH,M,56,88
Ramona Hardy,NC,F,46,30
Ramona Hodge,MA,F,28,364
Ramona Sellers,NM,F,39,319
Ramona Stafford,TN,F,54,100
Ramona Thomas,FL,F,95,120
Randal Baldwin,CA,M,27,1322
Randal Moody,NC,M,42,701
Randal Odom,AZ,M,37,140
Randall Wallace,OH,M,39,52
Randall Woodward,VA,M,34,240
Randolph James,PA,M,66,307
Randy Huber,NJ,M,46,35
Raphael Hicks,PA,M,72,490
Raphael McKenzie,NJ,M,44,229
Raphael Ochoa,NJ,M,55,306
Raquel Craft,FL,F,54,135
Raquel Ellison,RI,F,62,100
Rashad Jarvis,VA,M,30,339
Raul Neal,TN,M,74,237
Raul Richard,CO,M,72,1168
Raul Valenzuela,NM,M,43,225
Ray Barr,CO,M,25,389
Raymon Burke,GA,M,40,262
Raymon Ortiz,TX,M,72,359
Raymond Gibbs,FL,M,91,500
Raymundo Delacruz,CA,M,43,319
Reba Bond,NC,F,47,260
Reba Melton,CA,F,48,401
Reba Morrow,PA,F,28,117
Rebecca Cameron,MA,F,68,409
Rebecca Delaney,NC,F,56,193
Reed Battle,OR,M,62,168
Reed Chavez,FL,M,82,900
Reed Gomez,MA,M,51,180
Regina Hanson,VA,F,35,1160
Reginald Blackburn,OH,M,57,126
Reginald Vaughn,LA,M,38,250
Reid Lamb,NJ,M,39,359
Reinaldo Brock,PA,M,63,384
Reinaldo Horn,NY,M,52,104
Reinaldo McIntyre,PA,M,59,44
Rena Conley,FL,F,45,259
Rena Mendez,NY,F,72,405
Renaldo Rowe,VA,M,41,343
Renato Cruz,NJ,M,32,290
Renato McCormick,CA,M,69,168
Rene Buck,FL,F,69,445
Rene Calderon,TN,M,65,93
Rene David,FL,F,81,269
Rene Gay,NY,F,76,459
Rene McCormick,OH,M,29,480
Renee Baird,CT,F,61,90
Renee McMillan,TX,F,43,350
Renee Wright,WA,F,26,329
Reva Hopkins,PA,F,37,10
Reva Vang,NY,F,67,505
Reva Wells,WA,F,74,120
Rex Santiago,TX,M,47,180
Rey Holloway,CO,M,54,26
Rey McIntosh,GA,M,32,606
Rey Perry,AZ,M,78,20
Reyes Crane,SC,M,54,80
Reyes Miles,CA,M,35,65
Reyna Burch,TX,F,46,101
Reynaldo Craig,WA,M,61,274
Reynaldo Ingram,OR,M,64,52
Reynaldo Jimenez,FL,M,65,1088
Reynaldo Roach,RI,M,55,60
Reynaldo Weaver,CO,M,41,371
Rhea Luna,CO,F,42,265
Rhea Mitchell,AZ,F,61,619
Rhett Lambert,CA,M,49,237
Rhett Simmons,FL,M,44,224
Rhonda Craig,FL,F,69,480
Rhonda Estrada,TX,F,65,515
Ricardo Everett,MA,M,55,125
Ricardo Keith,FL,M,45,80
Rich Woodward,NY,M,22,22
Richard Lowe,FL,M,94,519
Richie Chen,FL,M,84,52
Richie Wise,UT,M,28,281
Rick Richardson,AZ,M,50,669
Rickey Burton,CT,M,72,638
Rickie Riley,FL,M,22,349
Rico Flores,RI,M,24,293
Rigoberto Middleton,TX,M,35,744
Rigoberto Murray,FL,M,46,1160
Riley Rosario,FL,M,93,296
Rita Baldwin,NC,F,28,52
Rita Beck,CA,F,69,120
Rita Fischer,OH,F,27,481
Rita Woodward,GA,F,54,175
Rob Bolton,NY,M,65,57
Rob Eaton,AL,M,47,199
Rob Montgomery,PA,M,24,600
Robbie Benjamin,NJ,F,59,1200
Robbie Gordon,NJ,F,46,422
Robbie Watts,GA,F,28,78
Robby Hansen,NC,M,32,360
Robert Cain,TN,F,42,230
Robert Ferrell,GA,M,54,540
Robert McKay,NC,M,61,599
Robert McLaughlin,OR,F,53,75
Robert Puckett,OH,M,54,80
Roberta Owens,TN,F,30,50
Roberta Shaw,VA,F,51,359
Roberto Cruz,PA,M,53,160
Robin Benjamin,NC,F,34,391
Robt Burt,WA,M,71,237
Robyn Marquez,AL,F,70,339
Robyn Ratliff,GA,F,46,200
Rocco Wolfe,FL,M,45,319
Rocco Yang,TX,M,76,26
Rocky Simmons,NJ,M,32,251
Rocky Woodward,FL,M,44,125
Rod Evans,MA,M,29,651
Rod Patrick,LA,M,48,52
Rodger Burks,FL,M,50,1335
Rodney Freeman,LA,M,56,599
Rodney Leblanc,VA,M,74,180
Rodney Rios,OR,M,47,229
Rodolfo Kane,FL,M,53,349
Rodolfo Moses,AL,M,42,255
Rodolfo Zamora,CA,M,66,381
Rodrick Holcomb,TX,M,69,360
Rodrick Spence,NY,M,69,439
Rodrick Underwood,NC,M,47,212
Rodrigo Barry,TX,M,38,91
Rodrigo Chase,NY,M,71,520
Rodrigo McCray,NC,M,56,724
Rogelio Bishop,VA,M,27,228
Rolf Graves,NC,M,53,205
Rolland Rojas,PA,M,59,90
Roman Roman,CA,M,42,71
Romeo Lindsey,CA,M,24,132
Romeo Woodard,NC,M,25,660
Ron Dunn,VA,M,48,100
Ron Forbes,CA,M,58,33
Ron Williams,SC,M,56,104
Ronald Hobbs,FL,M,48,1044
Ronald Juarez,MA,M,48,490
Ronald Middleton,CT,M,55,219
Ronald Riley,CA,M,39,297
Ronda Malone,TN,F,32,599
Ronny Richmond,NY,M,72,60
Roosevelt Henson,TX,M,69,383
Roosevelt Long,PA,M,49,426
Rory Duke,GA,M,60,391
Rory Vance,AZ,M,75,583
Rosa Roberson,CO,F,70,177
Rosalie Pate,FL,F,66,253
Rosalind McCarthy,TX,F,45,160
Rosalyn Dorsey,CA,F,52,357
Rosalyn Oneal,FL,F,61,405
Rosalyn Wyatt,NY,F,66,583
Rosanna Bauer,NY,F,70,779
Rosanna Montoya,NC,F,29,120
Rosanne Cleveland,NM,F,79,100
Rosanne Rosario,CA,F,71,399
Rosanne Sweet,SC,F,76,120
Rosario Burks,CA,F,42,525
Rosario Dillard,TX,F,47,159
Rosario Horton,CO,F,33,210
Rosario McFarland,FL,F,64,160
Rosario Stanley,AZ,F,55,240
Rose Savage,AZ,F,63,65
Rose Sears,NC,F,73,210
Rose Soto,VA,F,31,732
Rose Vazquez,NY,F,30,90
Roseann McLeod,FL,F,51,70
Roseann Meyers,FL,F,81,1302
Rosella Sanchez,CA,F,70,90
Rosemarie Shaw,OH,F,42,393
Rosemary Chen,MA,F,24,480
Rosemary Landry,AL,F,37,215
Rosetta Michael,AL,F,71,327
Rosetta Moss,FL,F,53,399
Rosie King,GA,F,65,714
Rosie Rush,TX,F,72,540
Ross Sykes,TX,M,59,135
Rowena Alford,TX,F,73,531
Rowena Cherry,FL,F,69,666
Rowena Hensley,TX,F,76,1200
Rowena Morrison,FL,F,55,180
Roxanne Stewart,FL,F,61,266
Roxanne Stout,GA,F,62,499
Roxanne Vaughn,NC,F,45,543
Ruben Chambers,NJ,M,28,439
Ruben McKenzie,VA,M,50,245
Rubin Ballard,SC,M,45,20
Rubin Fischer,VA,M,41,150
Rubin Stanton,NC,M,71,198
Ruby Callahan,CO,F,57,256
Ruby Dillard,CA,F,58,1340
Ruby Prince,SC,F,27,613
Ruby Tate,NC,F,39,420
Ruby Vinson,GA,F,40,40
Ruby Weeks,CA,F,28,859
Rudolf Hammond,TX,M,72,1100
Rudy Duffy,FL,M,89,280
Rupert Fields,TX,M,49,197
Russ Delgado,CA,M,37,410
Russ Luna,FL,M,91,135
Russ Massey,MA,M,53,226
Russ McCoy,TX,M,62,90
Russell Hays,TX,M,32,196
Rusty Dennis,CT,M,33,546
Rusty Lynn,FL,M,91,639
Rusty Sawyer,WA,M,67,220
Ruthie Castillo,LA,F,38,344
Ruthie Mathews,FL,F,38,389
Ryan Potter,TX,M,79,13
Ryan Santos,TX,M,48,240
Sadie Dorsey,WA,F,55,85
Sadie Finley,FL,F,80,234
Sadie Pena,FL,F,94,80
Sal Payne,GA,M,23,459
Sallie Moreno,AZ,F,47,272
Sally Goff,NY,F,76,204
Salvatore Cross,OH,M,61,60
Salvatore White,LA,M,29,197
Sam Moore,NC,M,44,824
Sam Perry,GA,M,41,91
Sam Roberts,NY,M,58,180
Samantha Harding,CT,F,49,160
Samantha Hull,UT,F,48,20
Samantha Ratliff,VA,F,33,375
Sammie Bartlett,TX,M,27,247
Sammie Christian,GA,M,55,644
Sammy George,MA,M,59,180
Sammy Silva,TX,M,46,15
Sammy Ward,VA,M,45,294
Samual Jefferson,LA,M,50,100
Sandra Collins,CA,F,67,186
Sandra Sosa,FL,F,96,25
Sandy Cleveland,CT,F,30,463
Sandy Duke,CA,F,30,432
Sandy Marks,AZ,M,83,339
Sanford Blackwell,NJ,M,32,577
Sanford Daugherty,TX,M,43,756
Sanford Holt,GA,M,60,325
Santiago Poole,NC,M,54,250
Santiago Rose,TX,M,67,370
Santo Mack,GA,M,34,142
Santo Sawyer,CO,M,61,145
Santos Johnston,WA,M,37,229
Santos Leblanc,GA,M,43,729
Sarah Baird,NY,F,65,220
Sarah Christian,NY,F,55,88
Sarah Espinoza,GA,F,58,225
Sarah Graves,FL,F,94,541
Sarah Velasquez,AL,F,61,299
Sasha Mayo,WA,F,54,650
Saul Jensen,FL,M,76,319
Saundra Estes,TX,F,58,185
Saundra Sharp,SC,F,52,1039
Savannah Fuller,VA,F,62,60
Savannah Shaffer,CA,F,33,394
Savannah Wolf,NH,F,35,20
Scott Bell,CO,M,23,674
Scott Bell,OH,M,46,180
Scottie Rosales,GA,M,46,240
Scotty Hendricks,RI,M,57,130
Scotty Hogan,TX,M,80,210
Scotty Phelps,TN,M,61,395
Sean Barrera,NM,M,35,501
Sebastian Gilbert,VA,M,32,257
Selena Golden,CO,F,24,120
Selena Waller,FL,F,50,580
Selma Hebert,WA,F,46,280
Selma Newton,TX,F,76,714
Serena Benson,CT,F,53,260
Serena Dejesus,AL,F,24,109
Seth Baird,GA,M,34,779
Seth Hayes,FL,M,48,509
Seymour Bender,LA,M,47,308
Seymour Daniel,TN,M,32,140
Seymour Mejia,GA,M,56,104
Seymour Reyes,CO,M,28,170
Seymour Wynn,TX,M,32,145
Shad Williams,SC,M,21,50
Shana Harrell,VA,F,76,279
Shane Atkinson,SC,M,65,195
Shane Guerrero,OR,M,38,460
Shannon Adams,CA,M,31,300
Shannon Blair,WA,F,69,290
Shannon Chavez,LA,F,25,520
Shannon Lindsay,NC,M,30,219
Shannon McIntyre,FL,F,92,299
Shannon Noble,CT,F,26,420
Shari Reyes,CT,F,75,60
Shari Steele,GA,F,58,438
Sharlene Carlson,CA,F,33,519
Sharlene Chambers,CO,F,28,291
Sharlene May,SC,F,26,845
Sharlene Noel,FL,F,61,1090
Sharlene Rojas,AL,F,24,199
Sharron Giles,WA,F,61,854
Sharron Ingram,NY,F,62,132
Shauna Byrd,AL,F,70,60
Shawn Cortez,LA,F,56,369
Shawn Kerr,FL,M,64,395
Shayne Barton,OR,M,58,117
Shayne Livingston,NM,M,43,90
Shayne McCullough,TX,M,44,180
Sheena Blackburn,FL,F,84,424
Sheila Bass,AZ,F,53,271
Sheila Boone,SC,F,71,180
Shelby Calhoun,NH,F,41,110
Shelby Hayes,CA,F,51,290
Shelby Hendricks,FL,F,92,5
Sheldon Buckley,NY,M,23,423
Sheldon Lopez,NY,M,47,170
Shelia William,TX,F,72,336
Shelley Chandler,FL,F,94,135
Shelley Orr,CA,F,29,128
Shelley Spence,PA,F,47,200
Shelly Dean,RI,F,50,140
Shelly Dillon,TX,F,60,205
Shelton Dorsey,CT,M,54,250
Sheree Marshall,NC,F,49,320
Sherri Madden,TX,F,38,120
Sherri Mathews,TX,F,42,623
Sherrie Lindsay,NC,F,54,182
Sherrie Manning,TX,F,54,200
Sherry Clay,TX,F,82,328
Sherry Roy,NM,F,62,200
Sherwood Dickerson,NC,M,44,519
Sherwood Dixon,PA,M,40,142
Sherwood Matthews,FL,M,57,350
Sheryl Garrison,TX,F,84,560
Sheryl Morse,MA,F,61,238
Shirley Lloyd,FL,F,50,240
Shirley Puckett,FL,M,84,237
Shon Quinn,FL,M,27,205
Sid Stanton,FL,M,62,50
Sid Sutton,NY,M,32,521
Sidney Snider,TN,M,47,434
Sidney Vincent,PA,M,27,180
Silas Gardner,OR,M,34,540
Silas Rivers,SC,M,41,180
Silvia Bowman,VA,F,71,160
Silvia Hutchinson,CO,F,41,100
Silvia Justice,CA,F,28,78
Silvia Moore,CO,F,24,301
Silvia Pugh,TN,F,35,116
Simon Park,CA,M,41,80
Simone Espinoza,TN,F,70,443
Simone Gibbs,VA,F,41,100
Socorro Blackwell,FL,F,54,13
Socorro McClure,FL,F,59,189
Sol Bullock,AZ,M,70,219
Sol Stephens,TX,M,28,468
Solomon Cervantes,FL,M,54,300
Solomon Elliott,CA,M,39,330
Son Browning,TX,M,47,68
Sonia Bartlett,NC,F,30,121
Sonja Gallegos,LA,F,44,210
Sonja Wolf,FL,F,47,102
Sonny Gallegos,SC,M,47,189
Sonny Marshall,CO,M,74,200
Sonny Mathis,PA,M,69,389
Sonya Johnston,TX,F,82,100
Sonya Tyler,WA,F,24,180
Sophia Boyd,GA,F,75,50
Sophie Fleming,CT,F,50,630
Sophie Guthrie,GA,F,55,200
Sophie Palmer,TX,F,80,210
Spencer Gibson,MA,M,47,265
Spencer Wells,FL,M,60,100
Stacey Wilson,NC,F,64,259
Staci Cohen,CA,F,44,234
Staci Cunningham,TN,F,29,789
Staci Yates,TX,F,72,30
Stanley Nguyen,CT,M,36,197
Stanton Chan,NY,M,51,424
Stanton Compton,GA,M,34,571
Stefan Conley,VA,M,59,210
Stefan Daniels,CA,M,44,1017
Stefan Dickerson,CO,M,45,659
Stefanie Yates,TX,F,32,257
Stephan Burns,TX,M,36,180
Sterling Bolton,FL,M,42,299
Steve Calderon,VA,M,25,239
Steve Levine,NY,M,61,289
Steven Bender,MA,M,27,222
Stewart Figueroa,PA,M,42,180
Stewart Poole,FL,M,63,481
Sue Buchanan,WA,F,48,1250
Sue Cote,CA,F,52,503
Summer Dalton,CA,F,65,864
Sung Shepherd,CA,M,66,160
Susan Hicks,NJ,F,32,282
Susan Sexton,UT,F,69,1140
Susan Simpson,NY,F,66,78
Susanna Compton,TX,F,58,412
Susanna Schmidt,CT,F,36,304
Susanna Taylor,OH,F,75,691
Susanne Armstrong,CA,F,50,252
Susanne Huffman,CO,F,33,190
Susanne Ingram,VA,F,32,321
Susanne Kirk,NY,F,40,269
Susanne Moreno,FL,F,62,115
Susanne Ortiz,NC,F,63,210
Susie Burns,NY,F,27,215
Susie Chapman,AL,F,69,60
Susie Donovan,FL,F,74,112
Susie George,VA,F,36,120
Susie Pate,CA,F,68,117
Suzanne Carney,FL,F,50,20
Suzanne Stanley,OH,F,71,90
Suzette Morin,NY,F,55,1109
Sybil McCullough,NC,F,65,209
Sybil Peters,TX,F,82,369
Sydney Porter,VA,M,55,355
Sylvester Farley,TX,M,60,503
Sylvester Key,NY,M,67,210
Sylvester Kirkland,SC,M,60,424
Sylvia Franco,GA,F,31,329
Tabatha Schroeder,CA,F,27,178
Tabatha Stark,UT,F,39,502
Tad Knowles,FL,M,64,12
Tamara Walsh,SC,F,64,17
Tamara Wynn,TX,F,50,499
Tameka Gamble,FL,F,96,404
Tami Douglas,FL,F,65,380
Tami Ferguson,MA,F,40,1166
Tamika Maddox,TX,F,57,625
Tammi Barrera,FL,F,96,190
Tammie Miles,NY,F,57,397
Tammie Woods,SC,F,31,117
Tammy Rollins,CO,F,69,15
Tamra Cross,SC,F,72,100
Tamra Pitts,NJ,F,38,132
Tania Mitchell,PA,F,47,28
Tania Thomas,MA,F,58,73
Tanya Brady,CO,F,43,270
Tanya Elliott,NJ,F,24,100
Tanya Patton,FL,F,94,170
Tanya Saunders,AZ,F,54,252
Tara Spears,FL,F,58,180
Tasha Ball,CA,F,26,108
Taylor Dean,TX,M,53,679
Taylor Owens,PA,M,55,120
Taylor Weiss,SC,M,28,329
Ted Cherry,TX,M,69,40
Ted Cohen,CO,M,66,216
Teddy Holder,CO,M,27,196
Teodoro McGuire,VA,M,46,15
Teodoro Zamora,NJ,M,36,400
Terence Rocha,AZ,M,61,78
Teresa Marshall,MA,F,62,20
Teri Franklin,FL,F,90,319
Teri Moreno,TX,F,52,130
Teri Stuart,VA,F,26,101
Terra Castaneda,TX,F,53,234
Terra Hyde,TX,F,71,91
Terrance Warner,TN,M,40,91
Terrell Berger,TN,M,22,80
Terrence Little,FL,M,60,624
Terrence McCray,NY,M,50,1089
Terri Morton,AZ,F,37,135
Terri Vargas,NM,F,49,351
Terrie McKee,CA,F,50,137
Terrie Rodgers,NY,F,76,385
Terrie Suarez,FL,F,78,300
Terry Cooper,UT,M,69,165
Terry Griffith,NH,M,64,39
Tessa Berg,VA,F,41,313
Tessa Fernandez,AZ,F,50,237
Tessa Navarro,FL,F,67,80
Tessa Whitfield,NY,F,50,171
Thad Cobb,NH,M,38,135
Thelma Castaneda,PA,F,40,20
Thelma Mann,UT,F,71,273
Theo Houston,NC,M,34,25
Theo Martinez,NY,M,25,420
Theodore Ortega,TX,M,61,25
Theresa Byrd,VA,F,63,20
Theresa Reilly,CA,F,72,174
Theresa Sharp,MA,F,48,5
Theresa Wolfe,PA,F,62,247
Therese Evans,NY,F,56,500
Tia Monroe,TN,F,24,104
Tiffany Schwartz,WA,F,71,296
Tim Beasley,NJ,M,59,160
Tim Callahan,AZ,M,83,224
Tim Delaney,LA,M,21,230
Timmy McGowan,NY,M,68,90
Timmy Price,FL,M,86,549
Timothy Crosby,TX,M,37,533
Tina Church,UT,F,53,152
Tina Hobbs,CA,F,65,270
Tina McCormick,NC,F,62,180
Tina Patton,MA,F,27,199
Tina Payne,VA,F,50,500
Tisha Ballard,TX,F,82,78
Tobias Witt,GA,M,57,429
Toby Chambers,NC,M,65,140
Toby Mullins,TX,M,74,396
Toby Padilla,CA,M,31,649
Todd Doyle,TX,M,51,275
Todd Huber,PA,M,21,160
Tom Ayala,FL,M,61,60
Tom Malone,GA,M,56,180
Tomas Delgado,WA,M,32,369
Tomas Finch,TX,M,71,46
Tomas Phillips,RI,M,27,597
Tommie Dunn,GA,F,49,190
Tommie Lynch,CA,M,24,218
Tommie Tillman,CO,M,50,210
Toney Harrison,NC,M,53,180
Toney Kramer,NY,M,36,293
Toney McConnell,AL,M,70,534
Toney McFadden,OH,M,51,215
Toney McMahon,LA,M,49,172
Toney Sanders,TX,M,29,1228
Toney Whitley,GA,M,57,703
Toni Gomez,WA,F,60,616
Toni Hays,TX,F,38,91
Tonia Guzman,CA,F,48,198
Tonia Hughes,FL,F,75,1638
Tonia Nichols,NC,F,52,415
Tony Mendoza,PA,M,51,240
Tony Wright,VA,M,72,117
Tonya Knowles,FL,F,37,312
Tonya Peck,TN,F,66,74
Tory Hines,VA,M,39,479
Tracey Dorsey,CA,F,73,140
Tracey Franks,GA,M,32,480
Tracey Malone,PA,F,38,100
Tracey McFadden,FL,F,61,207
Tracey Powell,GA,F,24,120
Tracey Ratliff,CO,F,64,210
Traci Morin,FL,F,79,194
Traci Ochoa,TX,F,61,100
Traci Wiggins,TX,F,80,238
Tracie Sanders,NC,F,60,200
Tracy Barrett,OH,F,50,593
Tracy Dickerson,FL,F,81,1175
Tracy Galloway,CA,F,28,265
Tracy Hobbs,CA,F,34,80
Travis Bonner,AZ,M,67,175
Travis Quinn,GA,M,42,225
Trent Elliott,FL,M,66,339
Trent Jimenez,RI,M,62,90
Trent Ray,NY,M,31,259
Trent Richardson,PA,M,46,600
Trent Tillman,NY,M,38,659
Trenton Berger,NM,M,77,502
Trenton Cleveland,FL,M,60,200
Trenton Schmidt,NY,M,62,150
Trevor Conner,NH,M,57,514
Trevor Sellers,FL,M,81,130
Trey Nolan,PA,M,30,66
Trey Richard,VA,M,39,350
Trey Tran,NC,M,27,450
Tricia Barrera,TX,F,47,288
Tricia Eaton,NC,F,44,423
Trina Gilmore,CO,F,66,360
Trina Marshall,PA,F,56,499
Trinidad Dorsey,TX,M,74,600
Trinidad Estes,TX,M,73,623
Trinidad Guy,FL,M,75,22
Tristan Reilly,VA,M,28,236
Trudy Levy,WA,F,42,694
Trudy Nieves,TX,F,44,263
Trudy Pace,CO,F,74,294
Trudy Soto,TX,F,34,968
Tuan Cotton,NC,M,55,350
Tuan Henderson,AZ,M,41,125
Ty Robinson,WA,M,69,653
Tyler Dean,PA,M,45,165
Tyler Robinson,VA,M,71,279
Tyrell Jordan,CO,M,69,120
Tyrell McCall,NJ,M,61,354
Tyron Bailey,VA,M,22,80
Tyron McKnight,NJ,M,38,609
Tyron Ramos,NY,M,64,240
Tyrone Fields,CA,M,63,24
Tyson Barlow,OR,M,59,299
Ursula Rich,VA,F,30,30
Valarie Kim,CO,F,27,118
Valentin Austin,TN,M,40,273
Valentin Burgess,FL,M,57,30
Valentin Fisher,OR,M,58,180
Valentin Russell,FL,M,81,175
Valentin Shepard,PA,M,37,216
Valentine Schroeder,VA,M,61,112
Valeria Flowers,OR,F,37,194
Valeria Wagner,TX,F,34,213
Valerie Whitfield,NC,F,66,144
Van Myers,RI,M,55,159
Vance Harrington,VA,M,70,219
Vance Sharpe,AZ,M,47,225
Vanessa Roberts,TX,F,41,463
Vera Gross,TX,F,36,260
Vera Hicks,NY,F,39,359
Vera Hooper,SC,F,24,459
Vera Sherman,NC,F,61,70
Vern Buck,NH,M,60,604
Verna McCarthy,NC,F,31,125
Vernon Fitzgerald,NJ,M,66,60
Vernon McConnell,CA,M,39,45
Vernon Woodard,AZ,M,61,337
Veronica Payne,NM,F,74,60
Veronica Riley,TX,F,76,178
Veronica Whitaker,TX,F,72,120
Vicente Ashley,NC,M,27,340
Vicente Hodge,NC,M,31,82
Vicente Savage,RI,M,24,150
Vickie Glenn,TN,F,33,664
Vickie Morales,PA,F,59,95
Vicky Hampton,TX,F,66,307
Vicky Mack,FL,F,53,60
Victor Harper,FL,M,92,100
Victor Santana,NY,M,27,40
Vince Joyce,TN,M,35,100
Vincent Hardin,OR,M,60,137
Vincent Marshall,TN,M,27,140
Vincent Maynard,FL,M,59,1129
Viola Brennan,MA,F,45,309
Viola Hays,NJ,F,47,210
Viola Hurley,NC,F,76,656
Violet Schneider,NH,F,69,78
Violet Sparks,LA,F,64,249
Virgie Cooley,CO,F,45,261
Virgil Cote,WA,M,47,356
Virgil Pugh,VA,M,61,191
Virgilio Ashley,FL,M,82,320
Virgilio Bauer,OR,M,55,218
Virgilio Medina,VA,M,46,85
Virginia Case,LA,F,62,450
Virginia McCray,NJ,F,68,423
Vito Morales,VA,M,48,100
Vivian Church,FL,F,72,160
Von Fox,CO,M,70,151
Von Vazquez,TX,M,77,256
Vonda Holloway,CO,F,35,319
Vonda Hood,CT,F,34,308
Walker Hernandez,GA,M,74,289
Walker Lambert,OR,M,74,509
Wallace Boyle,CA,M,62,749
Wally Harding,FL,M,54,280
Walton Keller,CT,M,48,300
Walton Kirby,CA,M,32,223
Wanda Ingram,VA,F,25,779
Ward Osborn,RI,M,65,30
Warner Bailey,SC,M,67,140
Warner Powell,PA,M,52,90
Warren Boyer,FL,M,49,856
Warren Marquez,CO,M,67,457
Warren Pace,WA,M,27,426
Warren Woodard,CA,M,65,80
Wayne Carpenter,TX,M,78,299
Wayne Houston,PA,M,61,60
Wayne Marsh,MA,M,28,45
Wayne Sutton,NY,M,36,60
Wendell Blankenship,CA,M,31,560
Wendi Bowman,MA,F,38,175
Wendi Jacobson,SC,F,63,334
Wendi Montgomery,CO,F,49,673
Wendy Green,FL,F,86,120
Wendy Stevens,SC,F,43,220
Werner Cooke,NC,M,52,260
Werner Murphy,CA,M,49,329
Wesley Goodwin,TX,M,52,140
Whitney Day,CA,F,48,230
Whitney Holt,AZ,M,84,250
Wilber Barton,FL,M,73,96
Wilber Morse,CA,M,43,13
Wilbert Foster,NH,M,59,175
Wilbur Gregory,GA,M,71,479
Wilbur Roman,CT,M,36,140
Wilda Franklin,NM,F,82,20
Wilda McMahon,VA,F,29,1077
Wilda Weaver,AZ,F,69,90
Wiley McDonald,CO,M,62,218
Wiley Stark,PA,M,50,673
Wilfred Shaw,FL,M,46,180
Wilfredo Glover,NY,M,59,395
Wilfredo Livingston,NC,M,32,26
Will Mann,CO,M,63,155
Willa Bishop,AZ,F,43,200
Willa Dodson,TX,F,45,252
Willa Spears,MA,F,49,637
Willard Lowery,FL,M,53,25
Willard Luna,CO,M,42,107
Willard McLaughlin,FL,M,62,123
Willard Richmond,TX,M,79,130
Willard Welch,NY,M,25,899
Willian Blake,NC,M,42,163
Willian Sawyer,GA,M,26,221
Willie Bentley,GA,F,66,90
Willie Buchanan,NY,F,43,180
Willie Fuentes,GA,F,72,54
Willie Graham,NY,M,66,400
Willie Mayer,TN,F,55,331
Willie Shannon,GA,M,47,60
Willie Trujillo,NC,F,76,959
Willie Walker,CA,F,75,709
Willie Wheeler,FL,M,56,52
Willis Harmon,GA,M,62,26
Willis Sweet,PA,M,45,466
Willis Woodward,FL,M,77,433
Willy Jenkins,TX,M,59,70
Willy Reynolds,GA,M,55,469
Wilmer Horne,AZ,M,82,246
Wilton Knox,OR,M,46,200
Wilton Nash,TX,M,48,360
Wilton Neal,FL,M,73,210
Wilton Snow,NM,M,37,262
Winfred James,FL,M,23,1089
Winfred Kirk,OH,M,53,232
Winfred Young,VA,M,34,211
Winifred Kaufman,TX,F,52,299
Wm Cotton,CA,M,63,468
Wm Ward,CO,M,31,250
Woodrow Atkins,SC,M,62,659
Xavier Hensley,PA,M,34,151
Yolanda Bray,VA,F,51,354
Yong Davenport,CA,M,57,345
Young Warner,FL,F,77,66
Yvette Coffey,GA,F,32,1003
Yvette Duke,GA,F,71,20
Yvette Lopez,NC,F,30,140
Yvette Moss,TX,F,75,639
Yvonne Padilla,CA,F,48,590
Yvonne Soto,AZ,F,49,297
Zachariah Pace,NY,M,42,216
Zachary Daniel,CO,M,58,180
Zachary Hudson,TX,M,71,26
Zachary Kelley,RI,M,26,252
Zachery Britt,NY,M,50,164
Zachery Levine,TX,M,54,311
Zack Cantrell,TX,M,62,60
Zack Forbes,NC,M,44,398
Zack Haley,LA,M,30,185
Zackary Delacruz,TX,M,39,459
Zackary Leblanc,AL,M,43,239
Zackary McCullough,NM,M,83,208
Zane Hester,WA,M,34,26
Zane McCray,TX,M,58,244
Zane Tillman,NY,M,21,20
